parent_observation_id,detailed_observation_id,parent_source_row,paper_id,metric,setting,parent_numerical_route,parent_reverse_exposure_supported,parent_alignment_status,detailed_numerical_route,detailed_reverse_exposure_supported,detailed_alignment_status,parent_selection,detailed_selection,selection_rule,pair_review_locator,evidence
1007:incidence:overall:main,1007:incidence:overall:injuryTissueType_muscle_injury_incidence,1007,S561,incidence,overall,count_and_exposure,false,supported,descriptive_rate_without_usable_sampling_information,false,supported,select,duplicate,select_quantitative_parent,matching-overall-category-adjudication.csv parent=1007:incidence:overall:main; detailed=1007:incidence:overall:injuryTissueType_muscle_injury_incidence,analysis master paper_title and time_loss_definition; equality deliberately not used as evidence
1007:incidence:overall:main,1007:incidence:overall:injuryTissueType_muscle_tendon_incidence,1007,S561,incidence,overall,count_and_exposure,false,supported,descriptive_rate_without_usable_sampling_information,false,supported,select,duplicate,select_quantitative_parent,matching-overall-category-adjudication.csv parent=1007:incidence:overall:main; detailed=1007:incidence:overall:injuryTissueType_muscle_tendon_incidence,analysis master paper_title and time_loss_definition; equality deliberately not used as evidence
1172:incidence:overall:main,1172:incidence:overall:injuryLocation_shoulder_incidence,1172,S989,incidence,overall,count_and_exposure,false,supported,descriptive_rate_without_usable_sampling_information,false,supported,select,duplicate,select_quantitative_parent,matching-overall-category-adjudication.csv parent=1172:incidence:overall:main; detailed=1172:incidence:overall:injuryLocation_shoulder_incidence,analysis master paper_title and time_loss_definition; equality deliberately not used as evidence
141:incidence:overall:main,141:incidence:overall:injuryLocation_position_goalkeeper_incidence,141,S099,incidence,overall,count_and_exposure,false,supported,descriptive_rate_without_usable_sampling_information,false,supported,select,duplicate,select_quantitative_parent,matching-overall-category-adjudication.csv parent=141:incidence:overall:main; detailed=141:incidence:overall:injuryLocation_position_goalkeeper_incidence,analysis master paper_title and time_loss_definition; equality deliberately not used as evidence
142:incidence:overall:main,142:incidence:overall:injuryLocation_position_goalkeeper_incidence,142,S099,incidence,overall,count_and_exposure,false,supported,descriptive_rate_without_usable_sampling_information,false,supported,select,duplicate,select_quantitative_parent,matching-overall-category-adjudication.csv parent=142:incidence:overall:main; detailed=142:incidence:overall:injuryLocation_position_goalkeeper_incidence,analysis master paper_title and time_loss_definition; equality deliberately not used as evidence
240:incidence:overall:main,240:incidence:overall:injuryLocation_thigh_incidence,240,S1665,incidence,overall,count_and_exposure,false,supported,descriptive_rate_without_usable_sampling_information,false,supported,duplicate,duplicate,select_quantitative_parent,matching-overall-category-adjudication.csv parent=240:incidence:overall:main; detailed=240:incidence:overall:injuryLocation_thigh_incidence,analysis master paper_title and time_loss_definition; equality deliberately not used as evidence
240:incidence:overall:main,240:incidence:overall:injuryTissueType_injury_diagnosis_incidence,240,S1665,incidence,overall,count_and_exposure,false,supported,descriptive_rate_without_usable_sampling_information,false,supported,duplicate,duplicate,select_quantitative_parent,matching-overall-category-adjudication.csv parent=240:incidence:overall:main; detailed=240:incidence:overall:injuryTissueType_injury_diagnosis_incidence,analysis master paper_title and time_loss_definition; equality deliberately not used as evidence
240:incidence:overall:main,240:incidence:overall:injuryTissueType_muscle_injury_incidence,240,S1665,incidence,overall,count_and_exposure,false,supported,descriptive_rate_without_usable_sampling_information,false,supported,duplicate,duplicate,select_quantitative_parent,matching-overall-category-adjudication.csv parent=240:incidence:overall:main; detailed=240:incidence:overall:injuryTissueType_muscle_injury_incidence,analysis master paper_title and time_loss_definition; equality deliberately not used as evidence
241:incidence:overall:main,241:incidence:overall:injuryLocation_thigh_incidence,241,S1665,incidence,overall,count_and_exposure,false,supported,descriptive_rate_without_usable_sampling_information,false,supported,select,duplicate,select_quantitative_parent,matching-overall-category-adjudication.csv parent=241:incidence:overall:main; detailed=241:incidence:overall:injuryLocation_thigh_incidence,analysis master paper_title and time_loss_definition; equality deliberately not used as evidence
241:incidence:overall:main,241:incidence:overall:injuryTissueType_injury_diagnosis_incidence,241,S1665,incidence,overall,count_and_exposure,false,supported,descriptive_rate_without_usable_sampling_information,false,supported,select,duplicate,select_quantitative_parent,matching-overall-category-adjudication.csv parent=241:incidence:overall:main; detailed=241:incidence:overall:injuryTissueType_injury_diagnosis_incidence,analysis master paper_title and time_loss_definition; equality deliberately not used as evidence
241:incidence:overall:main,241:incidence:overall:injuryTissueType_muscle_injury_incidence,241,S1665,incidence,overall,count_and_exposure,false,supported,descriptive_rate_without_usable_sampling_information,false,supported,select,duplicate,select_quantitative_parent,matching-overall-category-adjudication.csv parent=241:incidence:overall:main; detailed=241:incidence:overall:injuryTissueType_muscle_injury_incidence,analysis master paper_title and time_loss_definition; equality deliberately not used as evidence
242:incidence:overall:main,242:incidence:overall:injuryLocation_thigh_incidence,242,S1665,incidence,overall,count_and_exposure,false,supported,descriptive_rate_without_usable_sampling_information,false,supported,select,duplicate,select_quantitative_parent,matching-overall-category-adjudication.csv parent=242:incidence:overall:main; detailed=242:incidence:overall:injuryLocation_thigh_incidence,analysis master paper_title and time_loss_definition; equality deliberately not used as evidence
242:incidence:overall:main,242:incidence:overall:injuryTissueType_injury_diagnosis_incidence,242,S1665,incidence,overall,count_and_exposure,false,supported,descriptive_rate_without_usable_sampling_information,false,supported,select,duplicate,select_quantitative_parent,matching-overall-category-adjudication.csv parent=242:incidence:overall:main; detailed=242:incidence:overall:injuryTissueType_injury_diagnosis_incidence,analysis master paper_title and time_loss_definition; equality deliberately not used as evidence
242:incidence:overall:main,242:incidence:overall:injuryTissueType_muscle_injury_incidence,242,S1665,incidence,overall,count_and_exposure,false,supported,descriptive_rate_without_usable_sampling_information,false,supported,select,duplicate,select_quantitative_parent,matching-overall-category-adjudication.csv parent=242:incidence:overall:main; detailed=242:incidence:overall:injuryTissueType_muscle_injury_incidence,analysis master paper_title and time_loss_definition; equality deliberately not used as evidence
243:incidence:overall:main,243:incidence:overall:injuryLocation_thigh_incidence,243,S1665,incidence,overall,count_and_exposure,false,supported,descriptive_rate_without_usable_sampling_information,false,supported,select,duplicate,select_quantitative_parent,matching-overall-category-adjudication.csv parent=243:incidence:overall:main; detailed=243:incidence:overall:injuryLocation_thigh_incidence,analysis master paper_title and time_loss_definition; equality deliberately not used as evidence
243:incidence:overall:main,243:incidence:overall:injuryTissueType_injury_diagnosis_incidence,243,S1665,incidence,overall,count_and_exposure,false,supported,descriptive_rate_without_usable_sampling_information,false,supported,select,duplicate,select_quantitative_parent,matching-overall-category-adjudication.csv parent=243:incidence:overall:main; detailed=243:incidence:overall:injuryTissueType_injury_diagnosis_incidence,analysis master paper_title and time_loss_definition; equality deliberately not used as evidence
243:incidence:overall:main,243:incidence:overall:injuryTissueType_muscle_injury_incidence,243,S1665,incidence,overall,count_and_exposure,false,supported,descriptive_rate_without_usable_sampling_information,false,supported,select,duplicate,select_quantitative_parent,matching-overall-category-adjudication.csv parent=243:incidence:overall:main; detailed=243:incidence:overall:injuryTissueType_muscle_injury_incidence,analysis master paper_title and time_loss_definition; equality deliberately not used as evidence
270:incidence:overall:main,270:incidence:overall:injuryLocation_thigh_incidence,270,S1941,incidence,overall,descriptive_rate_without_usable_sampling_information,true,hold,descriptive_rate_without_usable_sampling_information,false,supported,hold,select,hold_quantitative_parent_scope_unverified,matching-overall-category-adjudication.csv parent=270:incidence:overall:main; detailed=270:incidence:overall:injuryLocation_thigh_incidence,analysis master paper_title and time_loss_definition; equality deliberately not used as evidence
490:incidence:overall:main,490:incidence:overall:injuryLocation_groin_incidence,490,S2824,incidence,overall,count_and_exposure,false,supported,descriptive_rate_without_usable_sampling_information,false,supported,select,duplicate,select_quantitative_parent,matching-overall-category-adjudication.csv parent=490:incidence:overall:main; detailed=490:incidence:overall:injuryLocation_groin_incidence,analysis master paper_title and time_loss_definition; equality deliberately not used as evidence
490:incidence:overall:main,490:incidence:overall:injuryTissueType_injury_diagnosis_incidence,490,S2824,incidence,overall,count_and_exposure,false,supported,descriptive_rate_without_usable_sampling_information,false,supported,select,duplicate,select_quantitative_parent,matching-overall-category-adjudication.csv parent=490:incidence:overall:main; detailed=490:incidence:overall:injuryTissueType_injury_diagnosis_incidence,analysis master paper_title and time_loss_definition; equality deliberately not used as evidence
491:burden:overall:main,491:burden:overall:injuryLocation_knee_burden,491,S2824,burden,overall,reported_rate_and_interval,false,supported,descriptive_rate_without_usable_sampling_information,false,supported,select,duplicate,select_quantitative_parent,matching-overall-category-adjudication.csv parent=491:burden:overall:main; detailed=491:burden:overall:injuryLocation_knee_burden,analysis master paper_title and time_loss_definition; equality deliberately not used as evidence
491:burden:overall:main,491:burden:overall:injuryTissueType_injury_diagnosis_burden,491,S2824,burden,overall,reported_rate_and_interval,false,supported,descriptive_rate_without_usable_sampling_information,false,supported,select,duplicate,select_quantitative_parent,matching-overall-category-adjudication.csv parent=491:burden:overall:main; detailed=491:burden:overall:injuryTissueType_injury_diagnosis_burden,analysis master paper_title and time_loss_definition; equality deliberately not used as evidence
491:incidence:overall:main,491:incidence:overall:injuryLocation_knee_incidence,491,S2824,incidence,overall,count_and_exposure,false,supported,descriptive_rate_without_usable_sampling_information,false,supported,select,duplicate,select_quantitative_parent,matching-overall-category-adjudication.csv parent=491:incidence:overall:main; detailed=491:incidence:overall:injuryLocation_knee_incidence,analysis master paper_title and time_loss_definition; equality deliberately not used as evidence
491:incidence:overall:main,491:incidence:overall:injuryTissueType_injury_diagnosis_incidence,491,S2824,incidence,overall,count_and_exposure,false,supported,descriptive_rate_without_usable_sampling_information,false,supported,select,duplicate,select_quantitative_parent,matching-overall-category-adjudication.csv parent=491:incidence:overall:main; detailed=491:incidence:overall:injuryTissueType_injury_diagnosis_incidence,analysis master paper_title and time_loss_definition; equality deliberately not used as evidence
596:incidence:overall:main,596:incidence:overall:injuryLocation_lower_limb_overall_incidence,596,S374,incidence,overall,count_and_exposure,false,supported,descriptive_rate_without_usable_sampling_information,false,supported,select,duplicate,select_quantitative_parent,matching-overall-category-adjudication.csv parent=596:incidence:overall:main; detailed=596:incidence:overall:injuryLocation_lower_limb_overall_incidence,analysis master paper_title and time_loss_definition; equality deliberately not used as evidence
606:burden:overall:main,606:burden:overall:injuryTissueType_muscle_injury_burden,606,S380,burden,overall,days_and_exposure,false,supported,descriptive_rate_without_usable_sampling_information,false,supported,select,duplicate,select_quantitative_parent,matching-overall-category-adjudication.csv parent=606:burden:overall:main; detailed=606:burden:overall:injuryTissueType_muscle_injury_burden,analysis master paper_title and time_loss_definition; equality deliberately not used as evidence
606:incidence:overall:main,606:incidence:overall:injuryTissueType_muscle_injury_incidence,606,S380,incidence,overall,count_and_exposure,false,supported,descriptive_rate_without_usable_sampling_information,false,supported,select,duplicate,select_quantitative_parent,matching-overall-category-adjudication.csv parent=606:incidence:overall:main; detailed=606:incidence:overall:injuryTissueType_muscle_injury_incidence,analysis master paper_title and time_loss_definition; equality deliberately not used as evidence
607:burden:overall:main,607:burden:overall:injuryTissueType_muscle_injury_burden,607,S380,burden,overall,days_and_exposure,false,supported,descriptive_rate_without_usable_sampling_information,false,supported,select,duplicate,select_quantitative_parent,matching-overall-category-adjudication.csv parent=607:burden:overall:main; detailed=607:burden:overall:injuryTissueType_muscle_injury_burden,analysis master paper_title and time_loss_definition; equality deliberately not used as evidence
607:incidence:overall:main,607:incidence:overall:injuryTissueType_muscle_injury_incidence,607,S380,incidence,overall,count_and_exposure,false,supported,descriptive_rate_without_usable_sampling_information,false,supported,select,duplicate,select_quantitative_parent,matching-overall-category-adjudication.csv parent=607:incidence:overall:main; detailed=607:incidence:overall:injuryTissueType_muscle_injury_incidence,analysis master paper_title and time_loss_definition; equality deliberately not used as evidence
608:burden:overall:main,608:burden:overall:injuryTissueType_muscle_injury_burden,608,S380,burden,overall,days_and_exposure,false,supported,descriptive_rate_without_usable_sampling_information,false,supported,select,duplicate,select_quantitative_parent,matching-overall-category-adjudication.csv parent=608:burden:overall:main; detailed=608:burden:overall:injuryTissueType_muscle_injury_burden,analysis master paper_title and time_loss_definition; equality deliberately not used as evidence
608:incidence:overall:main,608:incidence:overall:injuryTissueType_muscle_injury_incidence,608,S380,incidence,overall,count_and_exposure,false,supported,descriptive_rate_without_usable_sampling_information,false,supported,select,duplicate,select_quantitative_parent,matching-overall-category-adjudication.csv parent=608:incidence:overall:main; detailed=608:incidence:overall:injuryTissueType_muscle_injury_incidence,analysis master paper_title and time_loss_definition; equality deliberately not used as evidence
609:burden:overall:main,609:burden:overall:injuryTissueType_muscle_injury_burden,609,S380,burden,overall,days_and_exposure,false,supported,descriptive_rate_without_usable_sampling_information,false,supported,select,duplicate,select_quantitative_parent,matching-overall-category-adjudication.csv parent=609:burden:overall:main; detailed=609:burden:overall:injuryTissueType_muscle_injury_burden,analysis master paper_title and time_loss_definition; equality deliberately not used as evidence
609:incidence:overall:main,609:incidence:overall:injuryTissueType_muscle_injury_incidence,609,S380,incidence,overall,count_and_exposure,false,supported,descriptive_rate_without_usable_sampling_information,false,supported,select,duplicate,select_quantitative_parent,matching-overall-category-adjudication.csv parent=609:incidence:overall:main; detailed=609:incidence:overall:injuryTissueType_muscle_injury_incidence,analysis master paper_title and time_loss_definition; equality deliberately not used as evidence
636:incidence:overall:main,636:incidence:overall:injuryLocation_thigh_incidence,636,S3931,incidence,overall,count_and_exposure,false,supported,descriptive_rate_without_usable_sampling_information,false,supported,select,duplicate,select_quantitative_parent,matching-overall-category-adjudication.csv parent=636:incidence:overall:main; detailed=636:incidence:overall:injuryLocation_thigh_incidence,analysis master paper_title and time_loss_definition; equality deliberately not used as evidence
637:incidence:overall:main,637:incidence:overall:injuryLocation_thigh_incidence,637,S3931,incidence,overall,count_and_exposure,false,supported,descriptive_rate_without_usable_sampling_information,false,supported,select,duplicate,select_quantitative_parent,matching-overall-category-adjudication.csv parent=637:incidence:overall:main; detailed=637:incidence:overall:injuryLocation_thigh_incidence,analysis master paper_title and time_loss_definition; equality deliberately not used as evidence
694:incidence:overall:main,694:incidence:overall:injuryTissueType_muscle_injury_incidence,694,S409,incidence,overall,descriptive_rate_without_usable_sampling_information,true,hold,descriptive_rate_without_usable_sampling_information,false,supported,hold,select,hold_quantitative_parent_scope_unverified,matching-overall-category-adjudication.csv parent=694:incidence:overall:main; detailed=694:incidence:overall:injuryTissueType_muscle_injury_incidence,analysis master paper_title and time_loss_definition; equality deliberately not used as evidence
820:incidence:overall:main,820:incidence:overall:injuryTissueType_muscle_injury_incidence,820,S475,incidence,overall,count_and_exposure,false,supported,descriptive_rate_without_usable_sampling_information,false,supported,select,duplicate,select_quantitative_parent,matching-overall-category-adjudication.csv parent=820:incidence:overall:main; detailed=820:incidence:overall:injuryTissueType_muscle_injury_incidence,analysis master paper_title and time_loss_definition; equality deliberately not used as evidence
849:incidence:overall:main,849:incidence:overall:injuryLocation_thigh_incidence,849,S4800,incidence,overall,count_and_exposure,false,supported,descriptive_rate_without_usable_sampling_information,false,supported,duplicate,duplicate,select_quantitative_parent,matching-overall-category-adjudication.csv parent=849:incidence:overall:main; detailed=849:incidence:overall:injuryLocation_thigh_incidence,analysis master paper_title and time_loss_definition; equality deliberately not used as evidence
850:incidence:overall:main,850:incidence:overall:injuryLocation_thigh_incidence,850,S4800,incidence,overall,count_and_exposure,false,supported,descriptive_rate_without_usable_sampling_information,false,supported,select,duplicate,select_quantitative_parent,matching-overall-category-adjudication.csv parent=850:incidence:overall:main; detailed=850:incidence:overall:injuryLocation_thigh_incidence,analysis master paper_title and time_loss_definition; equality deliberately not used as evidence
851:incidence:overall:main,851:incidence:overall:injuryLocation_thigh_incidence,851,S4800,incidence,overall,count_and_exposure,false,supported,descriptive_rate_without_usable_sampling_information,false,supported,select,duplicate,select_quantitative_parent,matching-overall-category-adjudication.csv parent=851:incidence:overall:main; detailed=851:incidence:overall:injuryLocation_thigh_incidence,analysis master paper_title and time_loss_definition; equality deliberately not used as evidence
852:incidence:overall:main,852:incidence:overall:injuryLocation_thigh_incidence,852,S4800,incidence,overall,count_and_exposure,false,supported,descriptive_rate_without_usable_sampling_information,false,supported,select,duplicate,select_quantitative_parent,matching-overall-category-adjudication.csv parent=852:incidence:overall:main; detailed=852:incidence:overall:injuryLocation_thigh_incidence,analysis master paper_title and time_loss_definition; equality deliberately not used as evidence
853:incidence:overall:main,853:incidence:overall:injuryLocation_thigh_incidence,853,S4800,incidence,overall,count_and_exposure,false,supported,descriptive_rate_without_usable_sampling_information,false,supported,select,duplicate,select_quantitative_parent,matching-overall-category-adjudication.csv parent=853:incidence:overall:main; detailed=853:incidence:overall:injuryLocation_thigh_incidence,analysis master paper_title and time_loss_definition; equality deliberately not used as evidence
854:incidence:overall:main,854:incidence:overall:injuryLocation_thigh_incidence,854,S4800,incidence,overall,count_and_exposure,false,supported,descriptive_rate_without_usable_sampling_information,false,supported,select,duplicate,select_quantitative_parent,matching-overall-category-adjudication.csv parent=854:incidence:overall:main; detailed=854:incidence:overall:injuryLocation_thigh_incidence,analysis master paper_title and time_loss_definition; equality deliberately not used as evidence
855:incidence:overall:main,855:incidence:overall:injuryLocation_thigh_incidence,855,S4800,incidence,overall,count_and_exposure,false,supported,descriptive_rate_without_usable_sampling_information,false,supported,select,duplicate,select_quantitative_parent,matching-overall-category-adjudication.csv parent=855:incidence:overall:main; detailed=855:incidence:overall:injuryLocation_thigh_incidence,analysis master paper_title and time_loss_definition; equality deliberately not used as evidence
891:burden:overall:main,891:burden:overall:injuryLocation_head_burden,891,S5005,burden,overall,days_and_exposure,false,hold,reported_rate_and_interval,false,hold,hold,hold,hold_quantitative_parent_scope_unverified,matching-overall-category-adjudication.csv parent=891:burden:overall:main; detailed=891:burden:overall:injuryLocation_head_burden,analysis master paper_title and time_loss_definition; equality deliberately not used as evidence
891:burden:overall:main,891:burden:overall:injuryTissueType_injury_diagnosis_burden,891,S5005,burden,overall,days_and_exposure,false,hold,reported_rate_and_interval,false,hold,hold,hold,hold_quantitative_parent_scope_unverified,matching-overall-category-adjudication.csv parent=891:burden:overall:main; detailed=891:burden:overall:injuryTissueType_injury_diagnosis_burden,analysis master paper_title and time_loss_definition; equality deliberately not used as evidence
892:burden:overall:main,892:burden:overall:injuryLocation_head_burden,892,S5005,burden,overall,days_and_exposure,false,hold,reported_rate_and_interval,false,hold,hold,hold,hold_quantitative_parent_scope_unverified,matching-overall-category-adjudication.csv parent=892:burden:overall:main; detailed=892:burden:overall:injuryLocation_head_burden,analysis master paper_title and time_loss_definition; equality deliberately not used as evidence
892:burden:overall:main,892:burden:overall:injuryTissueType_concussion_burden,892,S5005,burden,overall,days_and_exposure,false,hold,reported_rate_and_interval,false,hold,hold,hold,hold_quantitative_parent_scope_unverified,matching-overall-category-adjudication.csv parent=892:burden:overall:main; detailed=892:burden:overall:injuryTissueType_concussion_burden,analysis master paper_title and time_loss_definition; equality deliberately not used as evidence
892:burden:overall:main,892:burden:overall:injuryTissueType_injury_diagnosis_burden,892,S5005,burden,overall,days_and_exposure,false,hold,reported_rate_and_interval,false,hold,hold,hold,hold_quantitative_parent_scope_unverified,matching-overall-category-adjudication.csv parent=892:burden:overall:main; detailed=892:burden:overall:injuryTissueType_injury_diagnosis_burden,analysis master paper_title and time_loss_definition; equality deliberately not used as evidence
893:burden:overall:main,893:burden:overall:injuryLocation_head_burden,893,S5005,burden,overall,days_and_exposure,false,hold,reported_rate_and_interval,false,hold,hold,hold,hold_quantitative_parent_scope_unverified,matching-overall-category-adjudication.csv parent=893:burden:overall:main; detailed=893:burden:overall:injuryLocation_head_burden,analysis master paper_title and time_loss_definition; equality deliberately not used as evidence
893:burden:overall:main,893:burden:overall:injuryTissueType_concussion_burden,893,S5005,burden,overall,days_and_exposure,false,hold,reported_rate_and_interval,false,hold,hold,hold,hold_quantitative_parent_scope_unverified,matching-overall-category-adjudication.csv parent=893:burden:overall:main; detailed=893:burden:overall:injuryTissueType_concussion_burden,analysis master paper_title and time_loss_definition; equality deliberately not used as evidence
893:burden:overall:main,893:burden:overall:injuryTissueType_injury_diagnosis_burden,893,S5005,burden,overall,days_and_exposure,false,hold,reported_rate_and_interval,false,hold,hold,hold,hold_quantitative_parent_scope_unverified,matching-overall-category-adjudication.csv parent=893:burden:overall:main; detailed=893:burden:overall:injuryTissueType_injury_diagnosis_burden,analysis master paper_title and time_loss_definition; equality deliberately not used as evidence
923:incidence:overall:main,923:incidence:overall:injuryLocation_ankle_incidence,923,S515,incidence,overall,descriptive_rate_without_usable_sampling_information,true,hold,descriptive_rate_without_usable_sampling_information,false,supported,hold,select,hold_quantitative_parent_scope_unverified,matching-overall-category-adjudication.csv parent=923:incidence:overall:main; detailed=923:incidence:overall:injuryLocation_ankle_incidence,analysis master paper_title and time_loss_definition; equality deliberately not used as evidence
966:incidence:overall:main,966:incidence:overall:injuryLocation_lower_limb_overall_incidence,966,S5323,incidence,overall,descriptive_rate_without_usable_sampling_information,true,hold,descriptive_rate_without_usable_sampling_information,false,supported,hold,select,hold_quantitative_parent_scope_unverified,matching-overall-category-adjudication.csv parent=966:incidence:overall:main; detailed=966:incidence:overall:injuryLocation_lower_limb_overall_incidence,analysis master paper_title and time_loss_definition; equality deliberately not used as evidence
