paper_id,sourceDataRow,main_observation_id,detailed_observation_id,metric,setting,matching_rate,title,definition,decision,title_definition_scope_evidence,evidence
S099,141,141:incidence:overall:main,141:incidence:overall:injuryLocation_position_goalkeeper_incidence,incidence,overall,0.62,The FIFA 11+ Shoulder Injury Prevention Program Was Effective in Reducing Upper Extremity Injuries Among Soccer Goalkeepers,time-loss,restricted scope verified by title/definition; retain detailed outcome and do not label matching parent as all injury,matched,analysis master paper_title and time_loss_definition; equality deliberately not used as evidence
S099,142,142:incidence:overall:main,142:incidence:overall:injuryLocation_position_goalkeeper_incidence,incidence,overall,1.94,The FIFA 11+ Shoulder Injury Prevention Program Was Effective in Reducing Upper Extremity Injuries Among Soccer Goalkeepers,time-loss,restricted scope verified by title/definition; retain detailed outcome and do not label matching parent as all injury,matched,analysis master paper_title and time_loss_definition; equality deliberately not used as evidence
S1109,157,157:incidence:overall:main,157:incidence:overall:injuryLocation_lower_limb_overall_incidence,incidence,overall,8.94,"The effects of jump training on measures of physical performance, lower extremities injury incidence and burden in highly trained male soccer players.",time-loss,restricted scope verified by title/definition; retain detailed outcome and do not label matching parent as all injury,matched,analysis master paper_title and time_loss_definition; equality deliberately not used as evidence
S1109,158,158:incidence:overall:main,158:incidence:overall:injuryLocation_lower_limb_overall_incidence,incidence,overall,2.81,"The effects of jump training on measures of physical performance, lower extremities injury incidence and burden in highly trained male soccer players.",time-loss,restricted scope verified by title/definition; retain detailed outcome and do not label matching parent as all injury,matched,analysis master paper_title and time_loss_definition; equality deliberately not used as evidence
S1447,195,195:incidence:overall:main,195:incidence:overall:injuryLocation_thigh_incidence,incidence,overall,3.34,Hamstring muscle injury is preceded by a short period of higher running demands in professional football players.,time loss [non-contact hamstring injury during official match; ≥7 days],restricted scope verified by title/definition; retain detailed outcome and do not label matching parent as all injury,matched,analysis master paper_title and time_loss_definition; equality deliberately not used as evidence
S1447,195,195:incidence:overall:main,195:incidence:overall:injuryTissueType_injury_diagnosis_incidence,incidence,overall,3.34,Hamstring muscle injury is preceded by a short period of higher running demands in professional football players.,time loss [non-contact hamstring injury during official match; ≥7 days],restricted scope verified by title/definition; retain detailed outcome and do not label matching parent as all injury,matched,analysis master paper_title and time_loss_definition; equality deliberately not used as evidence
S1665,240,240:incidence:overall:main,240:incidence:overall:injuryLocation_thigh_incidence,incidence,overall,0.62,Incidence and intrinsic risk factors of hamstring strain injuries among Malaysian footballers: a cohort study of 81 professional footballers,time loss [hamstring strain injury; posterior thigh strained muscle],restricted scope verified by title/definition; retain detailed outcome and do not label matching parent as all injury,matched,analysis master paper_title and time_loss_definition; equality deliberately not used as evidence
S1665,240,240:incidence:overall:main,240:incidence:overall:injuryTissueType_injury_diagnosis_incidence,incidence,overall,0.62,Incidence and intrinsic risk factors of hamstring strain injuries among Malaysian footballers: a cohort study of 81 professional footballers,time loss [hamstring strain injury; posterior thigh strained muscle],restricted scope verified by title/definition; retain detailed outcome and do not label matching parent as all injury,matched,analysis master paper_title and time_loss_definition; equality deliberately not used as evidence
S1665,240,240:incidence:overall:main,240:incidence:overall:injuryTissueType_muscle_injury_incidence,incidence,overall,0.62,Incidence and intrinsic risk factors of hamstring strain injuries among Malaysian footballers: a cohort study of 81 professional footballers,time loss [hamstring strain injury; posterior thigh strained muscle],restricted scope verified by title/definition; retain detailed outcome and do not label matching parent as all injury,matched,analysis master paper_title and time_loss_definition; equality deliberately not used as evidence
S1665,241,241:incidence:overall:main,241:incidence:overall:injuryLocation_thigh_incidence,incidence,overall,1.83,Incidence and intrinsic risk factors of hamstring strain injuries among Malaysian footballers: a cohort study of 81 professional footballers,time loss [hamstring strain injury; posterior thigh strained muscle],restricted scope verified by title/definition; retain detailed outcome and do not label matching parent as all injury,matched,analysis master paper_title and time_loss_definition; equality deliberately not used as evidence
S1665,241,241:incidence:overall:main,241:incidence:overall:injuryTissueType_injury_diagnosis_incidence,incidence,overall,1.83,Incidence and intrinsic risk factors of hamstring strain injuries among Malaysian footballers: a cohort study of 81 professional footballers,time loss [hamstring strain injury; posterior thigh strained muscle],restricted scope verified by title/definition; retain detailed outcome and do not label matching parent as all injury,matched,analysis master paper_title and time_loss_definition; equality deliberately not used as evidence
S1665,241,241:incidence:overall:main,241:incidence:overall:injuryTissueType_muscle_injury_incidence,incidence,overall,1.83,Incidence and intrinsic risk factors of hamstring strain injuries among Malaysian footballers: a cohort study of 81 professional footballers,time loss [hamstring strain injury; posterior thigh strained muscle],restricted scope verified by title/definition; retain detailed outcome and do not label matching parent as all injury,matched,analysis master paper_title and time_loss_definition; equality deliberately not used as evidence
S1665,242,242:incidence:overall:main,242:incidence:overall:injuryLocation_thigh_incidence,incidence,overall,0,Incidence and intrinsic risk factors of hamstring strain injuries among Malaysian footballers: a cohort study of 81 professional footballers,time loss [hamstring strain injury; posterior thigh strained muscle],restricted scope verified by title/definition; retain detailed outcome and do not label matching parent as all injury,matched,analysis master paper_title and time_loss_definition; equality deliberately not used as evidence
S1665,242,242:incidence:overall:main,242:incidence:overall:injuryTissueType_injury_diagnosis_incidence,incidence,overall,0,Incidence and intrinsic risk factors of hamstring strain injuries among Malaysian footballers: a cohort study of 81 professional footballers,time loss [hamstring strain injury; posterior thigh strained muscle],restricted scope verified by title/definition; retain detailed outcome and do not label matching parent as all injury,matched,analysis master paper_title and time_loss_definition; equality deliberately not used as evidence
S1665,242,242:incidence:overall:main,242:incidence:overall:injuryTissueType_muscle_injury_incidence,incidence,overall,0,Incidence and intrinsic risk factors of hamstring strain injuries among Malaysian footballers: a cohort study of 81 professional footballers,time loss [hamstring strain injury; posterior thigh strained muscle],restricted scope verified by title/definition; retain detailed outcome and do not label matching parent as all injury,matched,analysis master paper_title and time_loss_definition; equality deliberately not used as evidence
S1665,243,243:incidence:overall:main,243:incidence:overall:injuryLocation_thigh_incidence,incidence,overall,0,Incidence and intrinsic risk factors of hamstring strain injuries among Malaysian footballers: a cohort study of 81 professional footballers,time loss [hamstring strain injury; posterior thigh strained muscle],restricted scope verified by title/definition; retain detailed outcome and do not label matching parent as all injury,matched,analysis master paper_title and time_loss_definition; equality deliberately not used as evidence
S1665,243,243:incidence:overall:main,243:incidence:overall:injuryTissueType_injury_diagnosis_incidence,incidence,overall,0,Incidence and intrinsic risk factors of hamstring strain injuries among Malaysian footballers: a cohort study of 81 professional footballers,time loss [hamstring strain injury; posterior thigh strained muscle],restricted scope verified by title/definition; retain detailed outcome and do not label matching parent as all injury,matched,analysis master paper_title and time_loss_definition; equality deliberately not used as evidence
S1665,243,243:incidence:overall:main,243:incidence:overall:injuryTissueType_muscle_injury_incidence,incidence,overall,0,Incidence and intrinsic risk factors of hamstring strain injuries among Malaysian footballers: a cohort study of 81 professional footballers,time loss [hamstring strain injury; posterior thigh strained muscle],restricted scope verified by title/definition; retain detailed outcome and do not label matching parent as all injury,matched,analysis master paper_title and time_loss_definition; equality deliberately not used as evidence
S1941,270,270:incidence:overall:main,270:incidence:overall:injuryLocation_thigh_incidence,incidence,overall,7.8,The Protective Effect of Preseason Running Workload Against In-Season Hamstring Strain Injuries in Elite Soccer Players.,Time-loss (HSI- noncontact),restricted scope verified by title/definition; retain detailed outcome and do not label matching parent as all injury,matched,analysis master paper_title and time_loss_definition; equality deliberately not used as evidence
S1941,270,270:incidence:overall:main,270:incidence:overall:injuryTissueType_muscle_injury_incidence,incidence,overall,7.8,The Protective Effect of Preseason Running Workload Against In-Season Hamstring Strain Injuries in Elite Soccer Players.,Time-loss (HSI- noncontact),title/definition does not verify the detailed time-loss scope; hold both representations pending source clarification,not_matched,analysis master paper_title and time_loss_definition; equality deliberately not used as evidence
S2040,288,288:incidence:overall:main,288:incidence:overall:injuryTissueType_muscle_injury_incidence,incidence,overall,5.15,Higher Incidence and Longer Recovery Time from Non-Contact Muscle Injuries in ACTN3 XX Genotype Players from a Soccer Academy: A Three-Season Longitudinal Study.,time loss [non-contact lower-limb muscle injuries only],restricted scope verified by title/definition; retain detailed outcome and do not label matching parent as all injury,matched,analysis master paper_title and time_loss_definition; equality deliberately not used as evidence
S2040,289,289:incidence:overall:main,289:incidence:overall:injuryTissueType_muscle_injury_incidence,incidence,overall,6.65,Higher Incidence and Longer Recovery Time from Non-Contact Muscle Injuries in ACTN3 XX Genotype Players from a Soccer Academy: A Three-Season Longitudinal Study.,time loss [non-contact lower-limb muscle injuries only],restricted scope verified by title/definition; retain detailed outcome and do not label matching parent as all injury,matched,analysis master paper_title and time_loss_definition; equality deliberately not used as evidence
S2040,290,290:incidence:overall:main,290:incidence:overall:injuryTissueType_muscle_injury_incidence,incidence,overall,8.54,Higher Incidence and Longer Recovery Time from Non-Contact Muscle Injuries in ACTN3 XX Genotype Players from a Soccer Academy: A Three-Season Longitudinal Study.,time loss [non-contact lower-limb muscle injuries only],restricted scope verified by title/definition; retain detailed outcome and do not label matching parent as all injury,matched,analysis master paper_title and time_loss_definition; equality deliberately not used as evidence
S2040,292,292:incidence:overall:main,292:incidence:overall:injuryTissueType_muscle_injury_incidence,incidence,overall,5.3,Higher Incidence and Longer Recovery Time from Non-Contact Muscle Injuries in ACTN3 XX Genotype Players from a Soccer Academy: A Three-Season Longitudinal Study.,time loss [non-contact lower-limb muscle injuries only],restricted scope verified by title/definition; retain detailed outcome and do not label matching parent as all injury,matched,analysis master paper_title and time_loss_definition; equality deliberately not used as evidence
S2040,293,293:incidence:overall:main,293:incidence:overall:injuryTissueType_muscle_injury_incidence,incidence,overall,6.22,Higher Incidence and Longer Recovery Time from Non-Contact Muscle Injuries in ACTN3 XX Genotype Players from a Soccer Academy: A Three-Season Longitudinal Study.,time loss [non-contact lower-limb muscle injuries only],restricted scope verified by title/definition; retain detailed outcome and do not label matching parent as all injury,matched,analysis master paper_title and time_loss_definition; equality deliberately not used as evidence
S2040,294,294:incidence:overall:main,294:incidence:overall:injuryTissueType_muscle_injury_incidence,incidence,overall,7,Higher Incidence and Longer Recovery Time from Non-Contact Muscle Injuries in ACTN3 XX Genotype Players from a Soccer Academy: A Three-Season Longitudinal Study.,time loss [non-contact lower-limb muscle injuries only],restricted scope verified by title/definition; retain detailed outcome and do not label matching parent as all injury,matched,analysis master paper_title and time_loss_definition; equality deliberately not used as evidence
S2040,296,296:incidence:overall:main,296:incidence:overall:injuryTissueType_muscle_injury_incidence,incidence,overall,5.29,Higher Incidence and Longer Recovery Time from Non-Contact Muscle Injuries in ACTN3 XX Genotype Players from a Soccer Academy: A Three-Season Longitudinal Study.,time loss [non-contact lower-limb muscle injuries only],restricted scope verified by title/definition; retain detailed outcome and do not label matching parent as all injury,matched,analysis master paper_title and time_loss_definition; equality deliberately not used as evidence
S2040,297,297:incidence:overall:main,297:incidence:overall:injuryTissueType_muscle_injury_incidence,incidence,overall,5.67,Higher Incidence and Longer Recovery Time from Non-Contact Muscle Injuries in ACTN3 XX Genotype Players from a Soccer Academy: A Three-Season Longitudinal Study.,time loss [non-contact lower-limb muscle injuries only],restricted scope verified by title/definition; retain detailed outcome and do not label matching parent as all injury,matched,analysis master paper_title and time_loss_definition; equality deliberately not used as evidence
S2040,298,298:incidence:overall:main,298:incidence:overall:injuryTissueType_muscle_injury_incidence,incidence,overall,10.43,Higher Incidence and Longer Recovery Time from Non-Contact Muscle Injuries in ACTN3 XX Genotype Players from a Soccer Academy: A Three-Season Longitudinal Study.,time loss [non-contact lower-limb muscle injuries only],restricted scope verified by title/definition; retain detailed outcome and do not label matching parent as all injury,matched,analysis master paper_title and time_loss_definition; equality deliberately not used as evidence
S2040,300,300:incidence:overall:main,300:incidence:overall:injuryTissueType_muscle_injury_incidence,incidence,overall,4.94,Higher Incidence and Longer Recovery Time from Non-Contact Muscle Injuries in ACTN3 XX Genotype Players from a Soccer Academy: A Three-Season Longitudinal Study.,time loss [non-contact lower-limb muscle injuries only],restricted scope verified by title/definition; retain detailed outcome and do not label matching parent as all injury,matched,analysis master paper_title and time_loss_definition; equality deliberately not used as evidence
S2040,301,301:incidence:overall:main,301:incidence:overall:injuryTissueType_muscle_injury_incidence,incidence,overall,7.88,Higher Incidence and Longer Recovery Time from Non-Contact Muscle Injuries in ACTN3 XX Genotype Players from a Soccer Academy: A Three-Season Longitudinal Study.,time loss [non-contact lower-limb muscle injuries only],restricted scope verified by title/definition; retain detailed outcome and do not label matching parent as all injury,matched,analysis master paper_title and time_loss_definition; equality deliberately not used as evidence
S2040,302,302:incidence:overall:main,302:incidence:overall:injuryTissueType_muscle_injury_incidence,incidence,overall,5.67,Higher Incidence and Longer Recovery Time from Non-Contact Muscle Injuries in ACTN3 XX Genotype Players from a Soccer Academy: A Three-Season Longitudinal Study.,time loss [non-contact lower-limb muscle injuries only],restricted scope verified by title/definition; retain detailed outcome and do not label matching parent as all injury,matched,analysis master paper_title and time_loss_definition; equality deliberately not used as evidence
S2824,490,490:incidence:overall:main,490:incidence:overall:injuryLocation_groin_incidence,incidence,overall,1,Evolution of injury burden in Qatari professional football — 8 season data from the Aspetar Injury and Illness Surveillance Programme.,time loss [groin injury only],restricted scope verified by title/definition; retain detailed outcome and do not label matching parent as all injury,matched,analysis master paper_title and time_loss_definition; equality deliberately not used as evidence
S2824,490,490:incidence:overall:main,490:incidence:overall:injuryTissueType_injury_diagnosis_incidence,incidence,overall,1,Evolution of injury burden in Qatari professional football — 8 season data from the Aspetar Injury and Illness Surveillance Programme.,time loss [groin injury only],restricted scope verified by title/definition; retain detailed outcome and do not label matching parent as all injury,matched,analysis master paper_title and time_loss_definition; equality deliberately not used as evidence
S2824,491,491:incidence:overall:main,491:incidence:overall:injuryLocation_knee_incidence,incidence,overall,0.076,Evolution of injury burden in Qatari professional football — 8 season data from the Aspetar Injury and Illness Surveillance Programme.,time loss [complete ACL rupture confirmed by MRI],restricted scope verified by title/definition; retain detailed outcome and do not label matching parent as all injury,matched,analysis master paper_title and time_loss_definition; equality deliberately not used as evidence
S2824,491,491:incidence:overall:main,491:incidence:overall:injuryTissueType_injury_diagnosis_incidence,incidence,overall,0.076,Evolution of injury burden in Qatari professional football — 8 season data from the Aspetar Injury and Illness Surveillance Programme.,time loss [complete ACL rupture confirmed by MRI],restricted scope verified by title/definition; retain detailed outcome and do not label matching parent as all injury,matched,analysis master paper_title and time_loss_definition; equality deliberately not used as evidence
S2824,492,492:incidence:overall:main,492:incidence:overall:injuryLocation_head_neck_overall_incidence,incidence,overall,0.12,Evolution of injury burden in Qatari professional football — 8 season data from the Aspetar Injury and Illness Surveillance Programme.,time loss [head and neck injuries only],restricted scope verified by title/definition; retain detailed outcome and do not label matching parent as all injury,matched,analysis master paper_title and time_loss_definition; equality deliberately not used as evidence
S336,562,562:incidence:overall:main,562:incidence:overall:injuryLocation_ankle_incidence,incidence,overall,3.25,Ankle Sprain Injuries and Risk Factors in Amateur Soccer Players During a 2-Year Period,time-loss,restricted scope verified by title/definition; retain detailed outcome and do not label matching parent as all injury,matched,analysis master paper_title and time_loss_definition; equality deliberately not used as evidence
S374,596,596:incidence:overall:main,596:incidence:overall:injuryLocation_lower_limb_overall_incidence,incidence,overall,11.14,Lower limb injuries in an english professional football club: injury analysis and recommendations for prevention,time-loss,restricted scope verified by title/definition; retain detailed outcome and do not label matching parent as all injury,matched,analysis master paper_title and time_loss_definition; equality deliberately not used as evidence
S380,606,606:incidence:overall:main,606:incidence:overall:injuryLocation_lower_limb_overall_incidence,incidence,overall,2.36,Muscle injuries in the academy of a Spanish professional football club: A one-year prospective study,time-loss,title/definition does not verify the detailed time-loss scope; hold both representations pending source clarification,not_matched,analysis master paper_title and time_loss_definition; equality deliberately not used as evidence
S380,606,606:incidence:overall:main,606:incidence:overall:injuryTissueType_muscle_injury_incidence,incidence,overall,2.36,Muscle injuries in the academy of a Spanish professional football club: A one-year prospective study,time-loss,restricted scope verified by title/definition; retain detailed outcome and do not label matching parent as all injury,matched,analysis master paper_title and time_loss_definition; equality deliberately not used as evidence
S380,607,607:incidence:overall:main,607:incidence:overall:injuryLocation_lower_limb_overall_incidence,incidence,overall,1.41,Muscle injuries in the academy of a Spanish professional football club: A one-year prospective study,time-loss,title/definition does not verify the detailed time-loss scope; hold both representations pending source clarification,not_matched,analysis master paper_title and time_loss_definition; equality deliberately not used as evidence
S380,607,607:incidence:overall:main,607:incidence:overall:injuryTissueType_muscle_injury_incidence,incidence,overall,1.41,Muscle injuries in the academy of a Spanish professional football club: A one-year prospective study,time-loss,restricted scope verified by title/definition; retain detailed outcome and do not label matching parent as all injury,matched,analysis master paper_title and time_loss_definition; equality deliberately not used as evidence
S380,608,608:incidence:overall:main,608:incidence:overall:injuryLocation_lower_limb_overall_incidence,incidence,overall,1.28,Muscle injuries in the academy of a Spanish professional football club: A one-year prospective study,time-loss,title/definition does not verify the detailed time-loss scope; hold both representations pending source clarification,not_matched,analysis master paper_title and time_loss_definition; equality deliberately not used as evidence
S380,608,608:incidence:overall:main,608:incidence:overall:injuryTissueType_muscle_injury_incidence,incidence,overall,1.28,Muscle injuries in the academy of a Spanish professional football club: A one-year prospective study,time-loss,restricted scope verified by title/definition; retain detailed outcome and do not label matching parent as all injury,matched,analysis master paper_title and time_loss_definition; equality deliberately not used as evidence
S380,609,609:incidence:overall:main,609:incidence:overall:injuryLocation_lower_limb_overall_incidence,incidence,overall,0.91,Muscle injuries in the academy of a Spanish professional football club: A one-year prospective study,time-loss,title/definition does not verify the detailed time-loss scope; hold both representations pending source clarification,not_matched,analysis master paper_title and time_loss_definition; equality deliberately not used as evidence
S380,609,609:incidence:overall:main,609:incidence:overall:injuryTissueType_muscle_injury_incidence,incidence,overall,0.91,Muscle injuries in the academy of a Spanish professional football club: A one-year prospective study,time-loss,restricted scope verified by title/definition; retain detailed outcome and do not label matching parent as all injury,matched,analysis master paper_title and time_loss_definition; equality deliberately not used as evidence
S3931,636,636:incidence:overall:main,636:incidence:overall:injuryLocation_thigh_incidence,incidence,overall,0,Comparison of Two Posterior Chain Strength Training Protocols on Performance and Injury Incidence in Elite Youth Football Players.,time loss [hamstring),restricted scope verified by title/definition; retain detailed outcome and do not label matching parent as all injury,matched,analysis master paper_title and time_loss_definition; equality deliberately not used as evidence
S3931,636,636:incidence:overall:main,636:incidence:overall:injuryTissueType_muscle_injury_incidence,incidence,overall,0,Comparison of Two Posterior Chain Strength Training Protocols on Performance and Injury Incidence in Elite Youth Football Players.,time loss [hamstring),title/definition does not verify the detailed time-loss scope; hold both representations pending source clarification,not_matched,analysis master paper_title and time_loss_definition; equality deliberately not used as evidence
S3931,637,637:incidence:overall:main,637:incidence:overall:injuryLocation_thigh_incidence,incidence,overall,1.2,Comparison of Two Posterior Chain Strength Training Protocols on Performance and Injury Incidence in Elite Youth Football Players.,time loss [hamstring),restricted scope verified by title/definition; retain detailed outcome and do not label matching parent as all injury,matched,analysis master paper_title and time_loss_definition; equality deliberately not used as evidence
S3931,637,637:incidence:overall:main,637:incidence:overall:injuryTissueType_muscle_injury_incidence,incidence,overall,1.2,Comparison of Two Posterior Chain Strength Training Protocols on Performance and Injury Incidence in Elite Youth Football Players.,time loss [hamstring),title/definition does not verify the detailed time-loss scope; hold both representations pending source clarification,not_matched,analysis master paper_title and time_loss_definition; equality deliberately not used as evidence
S3944,660,660:incidence:overall:main,660:incidence:overall:injuryTissueType_physis_incidence,incidence,overall,0.15,"Distal-to-proximal progression of apophyseal injuries with age in male youth academy footballers: a two-season prospective cohort study of 16,024 player-seasons.",time loss,restricted scope verified by title/definition; retain detailed outcome and do not label matching parent as all injury,matched,analysis master paper_title and time_loss_definition; equality deliberately not used as evidence
S3944,661,661:incidence:overall:main,661:incidence:overall:injuryTissueType_physis_incidence,incidence,overall,0.42,"Distal-to-proximal progression of apophyseal injuries with age in male youth academy footballers: a two-season prospective cohort study of 16,024 player-seasons.",time loss,restricted scope verified by title/definition; retain detailed outcome and do not label matching parent as all injury,matched,analysis master paper_title and time_loss_definition; equality deliberately not used as evidence
S3944,662,662:incidence:overall:main,662:incidence:overall:injuryTissueType_physis_incidence,incidence,overall,0.38,"Distal-to-proximal progression of apophyseal injuries with age in male youth academy footballers: a two-season prospective cohort study of 16,024 player-seasons.",time loss,restricted scope verified by title/definition; retain detailed outcome and do not label matching parent as all injury,matched,analysis master paper_title and time_loss_definition; equality deliberately not used as evidence
S3944,663,663:incidence:overall:main,663:incidence:overall:injuryTissueType_physis_incidence,incidence,overall,0.1,"Distal-to-proximal progression of apophyseal injuries with age in male youth academy footballers: a two-season prospective cohort study of 16,024 player-seasons.",time loss,restricted scope verified by title/definition; retain detailed outcome and do not label matching parent as all injury,matched,analysis master paper_title and time_loss_definition; equality deliberately not used as evidence
S405,685,685:incidence:overall:main,685:incidence:overall:injuryLocation_lower_limb_overall_incidence,incidence,overall,9.03,"Injury incidence, characteristics and burden among female sub-elite futsal players: a prospective study with three-year follow-up.",time-loss,title/definition does not verify the detailed time-loss scope; hold both representations pending source clarification,not_matched,analysis master paper_title and time_loss_definition; equality deliberately not used as evidence
S409,694,694:incidence:overall:main,694:incidence:overall:injuryTissueType_muscle_injury_incidence,incidence,overall,3.62,Muscle injury characteristics and incidence rates in men's amateur soccer: A one season prospective study.,time-loss - muscle specific,restricted scope verified by title/definition; retain detailed outcome and do not label matching parent as all injury,matched,analysis master paper_title and time_loss_definition; equality deliberately not used as evidence
S475,820,820:incidence:overall:main,820:incidence:overall:injuryTissueType_muscle_injury_incidence,incidence,overall,1.81,Short and Long-Term Effects of a Simple-Strength-Training Program on Injuries Among Elite U-19 Soccer Players,time-loss - muscle,restricted scope verified by title/definition; retain detailed outcome and do not label matching parent as all injury,matched,analysis master paper_title and time_loss_definition; equality deliberately not used as evidence
S475,821,821:incidence:overall:main,821:incidence:overall:injuryTissueType_muscle_injury_incidence,incidence,overall,2.31,Short and Long-Term Effects of a Simple-Strength-Training Program on Injuries Among Elite U-19 Soccer Players,time-loss - muscle,restricted scope verified by title/definition; retain detailed outcome and do not label matching parent as all injury,matched,analysis master paper_title and time_loss_definition; equality deliberately not used as evidence
S475,822,822:incidence:overall:main,822:incidence:overall:injuryTissueType_muscle_injury_incidence,incidence,overall,1.33,Short and Long-Term Effects of a Simple-Strength-Training Program on Injuries Among Elite U-19 Soccer Players,time-loss - muscle,restricted scope verified by title/definition; retain detailed outcome and do not label matching parent as all injury,matched,analysis master paper_title and time_loss_definition; equality deliberately not used as evidence
S4800,849,849:incidence:overall:main,849:incidence:overall:injuryLocation_thigh_incidence,incidence,overall,0.6,Incidence of Hamstring Injury and Analysis of Risk Factors for Reinjury in Japanese Professional Football Players.,time loss [MRI-confirmed hamstring injury causing ≥4 days' absence from team training],restricted scope verified by title/definition; retain detailed outcome and do not label matching parent as all injury,matched,analysis master paper_title and time_loss_definition; equality deliberately not used as evidence
S4800,849,849:incidence:overall:main,849:incidence:overall:injuryTissueType_muscle_injury_incidence,incidence,overall,0.6,Incidence of Hamstring Injury and Analysis of Risk Factors for Reinjury in Japanese Professional Football Players.,time loss [MRI-confirmed hamstring injury causing ≥4 days' absence from team training],title/definition does not verify the detailed time-loss scope; hold both representations pending source clarification,not_matched,analysis master paper_title and time_loss_definition; equality deliberately not used as evidence
S4800,849,849:incidence:overall:main,849:incidence:overall:injuryTissueType_muscle_tendon_incidence,incidence,overall,0.6,Incidence of Hamstring Injury and Analysis of Risk Factors for Reinjury in Japanese Professional Football Players.,time loss [MRI-confirmed hamstring injury causing ≥4 days' absence from team training],title/definition does not verify the detailed time-loss scope; hold both representations pending source clarification,not_matched,analysis master paper_title and time_loss_definition; equality deliberately not used as evidence
S4800,850,850:incidence:overall:main,850:incidence:overall:injuryLocation_thigh_incidence,incidence,overall,0.49,Incidence of Hamstring Injury and Analysis of Risk Factors for Reinjury in Japanese Professional Football Players.,time loss [MRI-confirmed hamstring injury causing ≥4 days' absence from team training],restricted scope verified by title/definition; retain detailed outcome and do not label matching parent as all injury,matched,analysis master paper_title and time_loss_definition; equality deliberately not used as evidence
S4800,850,850:incidence:overall:main,850:incidence:overall:injuryTissueType_muscle_injury_incidence,incidence,overall,0.49,Incidence of Hamstring Injury and Analysis of Risk Factors for Reinjury in Japanese Professional Football Players.,time loss [MRI-confirmed hamstring injury causing ≥4 days' absence from team training],title/definition does not verify the detailed time-loss scope; hold both representations pending source clarification,not_matched,analysis master paper_title and time_loss_definition; equality deliberately not used as evidence
S4800,850,850:incidence:overall:main,850:incidence:overall:injuryTissueType_muscle_tendon_incidence,incidence,overall,0.49,Incidence of Hamstring Injury and Analysis of Risk Factors for Reinjury in Japanese Professional Football Players.,time loss [MRI-confirmed hamstring injury causing ≥4 days' absence from team training],title/definition does not verify the detailed time-loss scope; hold both representations pending source clarification,not_matched,analysis master paper_title and time_loss_definition; equality deliberately not used as evidence
S4800,851,851:incidence:overall:main,851:incidence:overall:injuryLocation_thigh_incidence,incidence,overall,0.58,Incidence of Hamstring Injury and Analysis of Risk Factors for Reinjury in Japanese Professional Football Players.,time loss [MRI-confirmed hamstring injury causing ≥4 days' absence from team training],restricted scope verified by title/definition; retain detailed outcome and do not label matching parent as all injury,matched,analysis master paper_title and time_loss_definition; equality deliberately not used as evidence
S4800,851,851:incidence:overall:main,851:incidence:overall:injuryTissueType_muscle_injury_incidence,incidence,overall,0.58,Incidence of Hamstring Injury and Analysis of Risk Factors for Reinjury in Japanese Professional Football Players.,time loss [MRI-confirmed hamstring injury causing ≥4 days' absence from team training],title/definition does not verify the detailed time-loss scope; hold both representations pending source clarification,not_matched,analysis master paper_title and time_loss_definition; equality deliberately not used as evidence
S4800,851,851:incidence:overall:main,851:incidence:overall:injuryTissueType_muscle_tendon_incidence,incidence,overall,0.58,Incidence of Hamstring Injury and Analysis of Risk Factors for Reinjury in Japanese Professional Football Players.,time loss [MRI-confirmed hamstring injury causing ≥4 days' absence from team training],title/definition does not verify the detailed time-loss scope; hold both representations pending source clarification,not_matched,analysis master paper_title and time_loss_definition; equality deliberately not used as evidence
S4800,852,852:incidence:overall:main,852:incidence:overall:injuryLocation_thigh_incidence,incidence,overall,0.37,Incidence of Hamstring Injury and Analysis of Risk Factors for Reinjury in Japanese Professional Football Players.,time loss [MRI-confirmed hamstring injury causing ≥4 days' absence from team training],restricted scope verified by title/definition; retain detailed outcome and do not label matching parent as all injury,matched,analysis master paper_title and time_loss_definition; equality deliberately not used as evidence
S4800,852,852:incidence:overall:main,852:incidence:overall:injuryTissueType_muscle_injury_incidence,incidence,overall,0.37,Incidence of Hamstring Injury and Analysis of Risk Factors for Reinjury in Japanese Professional Football Players.,time loss [MRI-confirmed hamstring injury causing ≥4 days' absence from team training],title/definition does not verify the detailed time-loss scope; hold both representations pending source clarification,not_matched,analysis master paper_title and time_loss_definition; equality deliberately not used as evidence
S4800,852,852:incidence:overall:main,852:incidence:overall:injuryTissueType_muscle_tendon_incidence,incidence,overall,0.37,Incidence of Hamstring Injury and Analysis of Risk Factors for Reinjury in Japanese Professional Football Players.,time loss [MRI-confirmed hamstring injury causing ≥4 days' absence from team training],title/definition does not verify the detailed time-loss scope; hold both representations pending source clarification,not_matched,analysis master paper_title and time_loss_definition; equality deliberately not used as evidence
S4800,853,853:incidence:overall:main,853:incidence:overall:injuryLocation_thigh_incidence,incidence,overall,0.8,Incidence of Hamstring Injury and Analysis of Risk Factors for Reinjury in Japanese Professional Football Players.,time loss [MRI-confirmed hamstring injury causing ≥4 days' absence from team training],restricted scope verified by title/definition; retain detailed outcome and do not label matching parent as all injury,matched,analysis master paper_title and time_loss_definition; equality deliberately not used as evidence
S4800,853,853:incidence:overall:main,853:incidence:overall:injuryTissueType_muscle_injury_incidence,incidence,overall,0.8,Incidence of Hamstring Injury and Analysis of Risk Factors for Reinjury in Japanese Professional Football Players.,time loss [MRI-confirmed hamstring injury causing ≥4 days' absence from team training],title/definition does not verify the detailed time-loss scope; hold both representations pending source clarification,not_matched,analysis master paper_title and time_loss_definition; equality deliberately not used as evidence
S4800,853,853:incidence:overall:main,853:incidence:overall:injuryTissueType_muscle_tendon_incidence,incidence,overall,0.8,Incidence of Hamstring Injury and Analysis of Risk Factors for Reinjury in Japanese Professional Football Players.,time loss [MRI-confirmed hamstring injury causing ≥4 days' absence from team training],title/definition does not verify the detailed time-loss scope; hold both representations pending source clarification,not_matched,analysis master paper_title and time_loss_definition; equality deliberately not used as evidence
S4800,854,854:incidence:overall:main,854:incidence:overall:injuryLocation_thigh_incidence,incidence,overall,0.87,Incidence of Hamstring Injury and Analysis of Risk Factors for Reinjury in Japanese Professional Football Players.,time loss [MRI-confirmed hamstring injury causing ≥4 days' absence from team training],restricted scope verified by title/definition; retain detailed outcome and do not label matching parent as all injury,matched,analysis master paper_title and time_loss_definition; equality deliberately not used as evidence
S4800,854,854:incidence:overall:main,854:incidence:overall:injuryTissueType_muscle_injury_incidence,incidence,overall,0.87,Incidence of Hamstring Injury and Analysis of Risk Factors for Reinjury in Japanese Professional Football Players.,time loss [MRI-confirmed hamstring injury causing ≥4 days' absence from team training],title/definition does not verify the detailed time-loss scope; hold both representations pending source clarification,not_matched,analysis master paper_title and time_loss_definition; equality deliberately not used as evidence
S4800,854,854:incidence:overall:main,854:incidence:overall:injuryTissueType_muscle_tendon_incidence,incidence,overall,0.87,Incidence of Hamstring Injury and Analysis of Risk Factors for Reinjury in Japanese Professional Football Players.,time loss [MRI-confirmed hamstring injury causing ≥4 days' absence from team training],title/definition does not verify the detailed time-loss scope; hold both representations pending source clarification,not_matched,analysis master paper_title and time_loss_definition; equality deliberately not used as evidence
S4800,855,855:incidence:overall:main,855:incidence:overall:injuryLocation_thigh_incidence,incidence,overall,0.48,Incidence of Hamstring Injury and Analysis of Risk Factors for Reinjury in Japanese Professional Football Players.,time loss [MRI-confirmed hamstring injury causing ≥4 days' absence from team training],restricted scope verified by title/definition; retain detailed outcome and do not label matching parent as all injury,matched,analysis master paper_title and time_loss_definition; equality deliberately not used as evidence
S4800,855,855:incidence:overall:main,855:incidence:overall:injuryTissueType_muscle_injury_incidence,incidence,overall,0.48,Incidence of Hamstring Injury and Analysis of Risk Factors for Reinjury in Japanese Professional Football Players.,time loss [MRI-confirmed hamstring injury causing ≥4 days' absence from team training],title/definition does not verify the detailed time-loss scope; hold both representations pending source clarification,not_matched,analysis master paper_title and time_loss_definition; equality deliberately not used as evidence
S4800,855,855:incidence:overall:main,855:incidence:overall:injuryTissueType_muscle_tendon_incidence,incidence,overall,0.48,Incidence of Hamstring Injury and Analysis of Risk Factors for Reinjury in Japanese Professional Football Players.,time loss [MRI-confirmed hamstring injury causing ≥4 days' absence from team training],title/definition does not verify the detailed time-loss scope; hold both representations pending source clarification,not_matched,analysis master paper_title and time_loss_definition; equality deliberately not used as evidence
S515,923,923:incidence:overall:main,923:incidence:overall:injuryLocation_ankle_incidence,incidence,overall,0.342,Ankle injuries in football academies: a three-centre prospective study,time-loss,restricted scope verified by title/definition; retain detailed outcome and do not label matching parent as all injury,matched,analysis master paper_title and time_loss_definition; equality deliberately not used as evidence
S5158,924,924:incidence:overall:main,924:incidence:overall:injuryTissueType_concussion_incidence,incidence,overall,0.18,The incidence and burden of concussion in men's and women's English professional football.,time loss [medically diagnosed concussion],restricted scope verified by title/definition; retain detailed outcome and do not label matching parent as all injury,matched,analysis master paper_title and time_loss_definition; equality deliberately not used as evidence
S5158,925,925:incidence:overall:main,925:incidence:overall:injuryTissueType_concussion_incidence,incidence,overall,0.44,The incidence and burden of concussion in men's and women's English professional football.,time loss [medically diagnosed concussion],restricted scope verified by title/definition; retain detailed outcome and do not label matching parent as all injury,matched,analysis master paper_title and time_loss_definition; equality deliberately not used as evidence
S5158,926,926:incidence:overall:main,926:incidence:overall:injuryTissueType_concussion_incidence,incidence,overall,0.17,The incidence and burden of concussion in men's and women's English professional football.,time loss [medically diagnosed concussion],restricted scope verified by title/definition; retain detailed outcome and do not label matching parent as all injury,matched,analysis master paper_title and time_loss_definition; equality deliberately not used as evidence
S5158,927,927:incidence:overall:main,927:incidence:overall:injuryTissueType_concussion_incidence,incidence,overall,0.46,The incidence and burden of concussion in men's and women's English professional football.,time loss [medically diagnosed concussion],restricted scope verified by title/definition; retain detailed outcome and do not label matching parent as all injury,matched,analysis master paper_title and time_loss_definition; equality deliberately not used as evidence
S5323,966,966:incidence:overall:main,966:incidence:overall:injuryLocation_lower_limb_overall_incidence,incidence,overall,4.8,Development and validation of a machine learning model for non-contact injury prediction based on lower limb strength asymmetry in professional football.,time loss [non-contact],restricted scope verified by title/definition; retain detailed outcome and do not label matching parent as all injury,matched,analysis master paper_title and time_loss_definition; equality deliberately not used as evidence
S561,1007,1007:incidence:overall:main,1007:incidence:overall:injuryTissueType_muscle_injury_incidence,incidence,overall,5.63,A four-season prospective study of muscle strain reoccurrences in a professional football club,time-loss - acute muscle strain,restricted scope verified by title/definition; retain detailed outcome and do not label matching parent as all injury,matched,analysis master paper_title and time_loss_definition; equality deliberately not used as evidence
S561,1007,1007:incidence:overall:main,1007:incidence:overall:injuryTissueType_muscle_tendon_incidence,incidence,overall,5.63,A four-season prospective study of muscle strain reoccurrences in a professional football club,time-loss - acute muscle strain,restricted scope verified by title/definition; retain detailed outcome and do not label matching parent as all injury,matched,analysis master paper_title and time_loss_definition; equality deliberately not used as evidence
S989,1172,1172:incidence:overall:main,1172:incidence:overall:injuryLocation_shoulder_incidence,incidence,overall,0.847,Shoulder injuries in Brazilian professional football players: epidemiological analysis of 3828 games.,time loss,restricted scope verified by title/definition; retain detailed outcome and do not label matching parent as all injury,matched,analysis master paper_title and time_loss_definition; equality deliberately not used as evidence
S1109,157,157:burden:overall:main,157:burden:overall:injuryLocation_lower_limb_overall_burden,burden,overall,194.86,"The effects of jump training on measures of physical performance, lower extremities injury incidence and burden in highly trained male soccer players.",time-loss,restricted scope verified by title/definition; retain detailed outcome and do not label matching parent as all injury,matched,analysis master paper_title and time_loss_definition; equality deliberately not used as evidence
S1109,158,158:burden:overall:main,158:burden:overall:injuryLocation_lower_limb_overall_burden,burden,overall,71.37,"The effects of jump training on measures of physical performance, lower extremities injury incidence and burden in highly trained male soccer players.",time-loss,restricted scope verified by title/definition; retain detailed outcome and do not label matching parent as all injury,matched,analysis master paper_title and time_loss_definition; equality deliberately not used as evidence
S2824,490,490:burden:overall:main,490:burden:overall:injuryLocation_groin_burden,burden,overall,24.3,Evolution of injury burden in Qatari professional football — 8 season data from the Aspetar Injury and Illness Surveillance Programme.,time loss [groin injury only],restricted scope verified by title/definition; retain detailed outcome and do not label matching parent as all injury,matched,analysis master paper_title and time_loss_definition; equality deliberately not used as evidence
S2824,490,490:burden:overall:main,490:burden:overall:injuryTissueType_injury_diagnosis_burden,burden,overall,24.3,Evolution of injury burden in Qatari professional football — 8 season data from the Aspetar Injury and Illness Surveillance Programme.,time loss [groin injury only],restricted scope verified by title/definition; retain detailed outcome and do not label matching parent as all injury,matched,analysis master paper_title and time_loss_definition; equality deliberately not used as evidence
S2824,491,491:burden:overall:main,491:burden:overall:injuryLocation_knee_burden,burden,overall,16.3,Evolution of injury burden in Qatari professional football — 8 season data from the Aspetar Injury and Illness Surveillance Programme.,time loss [complete ACL rupture confirmed by MRI],restricted scope verified by title/definition; retain detailed outcome and do not label matching parent as all injury,matched,analysis master paper_title and time_loss_definition; equality deliberately not used as evidence
S2824,491,491:burden:overall:main,491:burden:overall:injuryTissueType_injury_diagnosis_burden,burden,overall,16.3,Evolution of injury burden in Qatari professional football — 8 season data from the Aspetar Injury and Illness Surveillance Programme.,time loss [complete ACL rupture confirmed by MRI],restricted scope verified by title/definition; retain detailed outcome and do not label matching parent as all injury,matched,analysis master paper_title and time_loss_definition; equality deliberately not used as evidence
S380,606,606:burden:overall:main,606:burden:overall:injuryLocation_lower_limb_overall_burden,burden,overall,21,Muscle injuries in the academy of a Spanish professional football club: A one-year prospective study,time-loss,title/definition does not verify the detailed time-loss scope; hold both representations pending source clarification,not_matched,analysis master paper_title and time_loss_definition; equality deliberately not used as evidence
S380,606,606:burden:overall:main,606:burden:overall:injuryTissueType_muscle_injury_burden,burden,overall,21,Muscle injuries in the academy of a Spanish professional football club: A one-year prospective study,time-loss,restricted scope verified by title/definition; retain detailed outcome and do not label matching parent as all injury,matched,analysis master paper_title and time_loss_definition; equality deliberately not used as evidence
S380,607,607:burden:overall:main,607:burden:overall:injuryLocation_lower_limb_overall_burden,burden,overall,19,Muscle injuries in the academy of a Spanish professional football club: A one-year prospective study,time-loss,title/definition does not verify the detailed time-loss scope; hold both representations pending source clarification,not_matched,analysis master paper_title and time_loss_definition; equality deliberately not used as evidence
S380,607,607:burden:overall:main,607:burden:overall:injuryTissueType_muscle_injury_burden,burden,overall,19,Muscle injuries in the academy of a Spanish professional football club: A one-year prospective study,time-loss,restricted scope verified by title/definition; retain detailed outcome and do not label matching parent as all injury,matched,analysis master paper_title and time_loss_definition; equality deliberately not used as evidence
S380,608,608:burden:overall:main,608:burden:overall:injuryLocation_lower_limb_overall_burden,burden,overall,17,Muscle injuries in the academy of a Spanish professional football club: A one-year prospective study,time-loss,title/definition does not verify the detailed time-loss scope; hold both representations pending source clarification,not_matched,analysis master paper_title and time_loss_definition; equality deliberately not used as evidence
S380,608,608:burden:overall:main,608:burden:overall:injuryTissueType_muscle_injury_burden,burden,overall,17,Muscle injuries in the academy of a Spanish professional football club: A one-year prospective study,time-loss,restricted scope verified by title/definition; retain detailed outcome and do not label matching parent as all injury,matched,analysis master paper_title and time_loss_definition; equality deliberately not used as evidence
S380,609,609:burden:overall:main,609:burden:overall:injuryLocation_lower_limb_overall_burden,burden,overall,22,Muscle injuries in the academy of a Spanish professional football club: A one-year prospective study,time-loss,title/definition does not verify the detailed time-loss scope; hold both representations pending source clarification,not_matched,analysis master paper_title and time_loss_definition; equality deliberately not used as evidence
S380,609,609:burden:overall:main,609:burden:overall:injuryTissueType_muscle_injury_burden,burden,overall,22,Muscle injuries in the academy of a Spanish professional football club: A one-year prospective study,time-loss,restricted scope verified by title/definition; retain detailed outcome and do not label matching parent as all injury,matched,analysis master paper_title and time_loss_definition; equality deliberately not used as evidence
S3944,660,660:burden:overall:main,660:burden:overall:injuryTissueType_physis_burden,burden,overall,4.6,"Distal-to-proximal progression of apophyseal injuries with age in male youth academy footballers: a two-season prospective cohort study of 16,024 player-seasons.",time loss,restricted scope verified by title/definition; retain detailed outcome and do not label matching parent as all injury,matched,analysis master paper_title and time_loss_definition; equality deliberately not used as evidence
S3944,661,661:burden:overall:main,661:burden:overall:injuryTissueType_physis_burden,burden,overall,19.3,"Distal-to-proximal progression of apophyseal injuries with age in male youth academy footballers: a two-season prospective cohort study of 16,024 player-seasons.",time loss,restricted scope verified by title/definition; retain detailed outcome and do not label matching parent as all injury,matched,analysis master paper_title and time_loss_definition; equality deliberately not used as evidence
S3944,662,662:burden:overall:main,662:burden:overall:injuryTissueType_physis_burden,burden,overall,20.3,"Distal-to-proximal progression of apophyseal injuries with age in male youth academy footballers: a two-season prospective cohort study of 16,024 player-seasons.",time loss,restricted scope verified by title/definition; retain detailed outcome and do not label matching parent as all injury,matched,analysis master paper_title and time_loss_definition; equality deliberately not used as evidence
S3944,663,663:burden:overall:main,663:burden:overall:injuryTissueType_physis_burden,burden,overall,4.6,"Distal-to-proximal progression of apophyseal injuries with age in male youth academy footballers: a two-season prospective cohort study of 16,024 player-seasons.",time loss,restricted scope verified by title/definition; retain detailed outcome and do not label matching parent as all injury,matched,analysis master paper_title and time_loss_definition; equality deliberately not used as evidence
S5005,891,891:burden:overall:main,891:burden:overall:injuryLocation_head_burden,burden,overall,32.3,Characteristics of match-related head injuries in professional women's football: A prospective cohort study.,all complaints - match-related head injury,restricted scope verified by title/definition; retain detailed outcome and do not label matching parent as all injury,matched,analysis master paper_title and time_loss_definition; equality deliberately not used as evidence
S5005,891,891:burden:overall:main,891:burden:overall:injuryTissueType_injury_diagnosis_burden,burden,overall,32.3,Characteristics of match-related head injuries in professional women's football: A prospective cohort study.,all complaints - match-related head injury,restricted scope verified by title/definition; retain detailed outcome and do not label matching parent as all injury,matched,analysis master paper_title and time_loss_definition; equality deliberately not used as evidence
S5005,892,892:burden:overall:main,892:burden:overall:injuryLocation_head_burden,burden,overall,29.6,Characteristics of match-related head injuries in professional women's football: A prospective cohort study.,suspected sports-related concussion,restricted scope verified by title/definition; retain detailed outcome and do not label matching parent as all injury,matched,analysis master paper_title and time_loss_definition; equality deliberately not used as evidence
S5005,892,892:burden:overall:main,892:burden:overall:injuryTissueType_concussion_burden,burden,overall,29.6,Characteristics of match-related head injuries in professional women's football: A prospective cohort study.,suspected sports-related concussion,restricted scope verified by title/definition; retain detailed outcome and do not label matching parent as all injury,matched,analysis master paper_title and time_loss_definition; equality deliberately not used as evidence
S5005,892,892:burden:overall:main,892:burden:overall:injuryTissueType_injury_diagnosis_burden,burden,overall,29.6,Characteristics of match-related head injuries in professional women's football: A prospective cohort study.,suspected sports-related concussion,restricted scope verified by title/definition; retain detailed outcome and do not label matching parent as all injury,matched,analysis master paper_title and time_loss_definition; equality deliberately not used as evidence
S5005,893,893:burden:overall:main,893:burden:overall:injuryLocation_head_burden,burden,overall,21.1,Characteristics of match-related head injuries in professional women's football: A prospective cohort study.,diagnosed sports-related concussion,restricted scope verified by title/definition; retain detailed outcome and do not label matching parent as all injury,matched,analysis master paper_title and time_loss_definition; equality deliberately not used as evidence
S5005,893,893:burden:overall:main,893:burden:overall:injuryTissueType_concussion_burden,burden,overall,21.1,Characteristics of match-related head injuries in professional women's football: A prospective cohort study.,diagnosed sports-related concussion,restricted scope verified by title/definition; retain detailed outcome and do not label matching parent as all injury,matched,analysis master paper_title and time_loss_definition; equality deliberately not used as evidence
S5005,893,893:burden:overall:main,893:burden:overall:injuryTissueType_injury_diagnosis_burden,burden,overall,21.1,Characteristics of match-related head injuries in professional women's football: A prospective cohort study.,diagnosed sports-related concussion,restricted scope verified by title/definition; retain detailed outcome and do not label matching parent as all injury,matched,analysis master paper_title and time_loss_definition; equality deliberately not used as evidence
S5158,924,924:burden:overall:main,924:burden:overall:injuryTissueType_concussion_burden,burden,overall,2.21,The incidence and burden of concussion in men's and women's English professional football.,time loss [medically diagnosed concussion],restricted scope verified by title/definition; retain detailed outcome and do not label matching parent as all injury,matched,analysis master paper_title and time_loss_definition; equality deliberately not used as evidence
S5158,925,925:burden:overall:main,925:burden:overall:injuryTissueType_concussion_burden,burden,overall,7.52,The incidence and burden of concussion in men's and women's English professional football.,time loss [medically diagnosed concussion],restricted scope verified by title/definition; retain detailed outcome and do not label matching parent as all injury,matched,analysis master paper_title and time_loss_definition; equality deliberately not used as evidence
S5158,926,926:burden:overall:main,926:burden:overall:injuryTissueType_concussion_burden,burden,overall,2.02,The incidence and burden of concussion in men's and women's English professional football.,time loss [medically diagnosed concussion],restricted scope verified by title/definition; retain detailed outcome and do not label matching parent as all injury,matched,analysis master paper_title and time_loss_definition; equality deliberately not used as evidence
S5158,927,927:burden:overall:main,927:burden:overall:injuryTissueType_concussion_burden,burden,overall,7.75,The incidence and burden of concussion in men's and women's English professional football.,time loss [medically diagnosed concussion],restricted scope verified by title/definition; retain detailed outcome and do not label matching parent as all injury,matched,analysis master paper_title and time_loss_definition; equality deliberately not used as evidence
