raw_outcome_scope,outcome_scope,metric_alignment_status,observations
ACL_scope_review,ACL,supported,31
ACL_scope_review,restricted_complete_ACL_rupture_confirmed_by_MRI,supported,4
Morbus_Sever,Morbus_Sever,hold,1
all_injuries,all_injuries,hold,12
all_injuries,all_injuries,supported,6
all_injuries_scope_review,all_injuries,supported,815
all_injuries_scope_review,all_injuries_scope_review,hold,248
all_injuries_scope_review,restricted_acute_traumatic_match_injuries,supported,2
all_injuries_scope_review,restricted_match_injuries_excluding_chronic,supported,1
all_injuries_scope_review,restricted_non_contact_injuries,supported,4
all_injuries_scope_review,restricted_non_contact_injuries_during_congested_windows,supported,3
all_injuries_scope_review,restricted_physis_injury,hold,8
all_injuries_scope_review,restricted_shoulder_injury,supported,1
ankle_scope_review,ankle,supported,19
ankle_scope_review,ankle_scope_review,hold,1
ankle_scope_review,restricted_ankle,hold,4
ankle_scope_review,restricted_ankle,supported,2
concussion_scope_review,concussion,supported,2
concussion_scope_review,concussion_scope_review,hold,2
concussion_scope_review,restricted_diagnosed_sports_related_concussion,hold,1
concussion_scope_review,restricted_head_and_neck_injury,hold,1
concussion_scope_review,restricted_medically_diagnosed_concussion,hold,8
concussion_scope_review,restricted_medically_diagnosed_concussion,supported,8
concussion_scope_review,restricted_suspected_sports_related_concussion,hold,1
groin_scope_review,groin,supported,9
groin_scope_review,groin_scope_review,hold,16
groin_scope_review,restricted_groin_injury,hold,1
groin_scope_review,restricted_groin_injury,supported,3
hamstring_scope_review,hamstring,supported,16
hamstring_scope_review,hamstring_scope_review,hold,7
hamstring_scope_review,restricted_MRI_confirmed_hamstring_injury_4day_absence,supported,21
hamstring_scope_review,restricted_hamstring_injury,supported,4
hamstring_scope_review,restricted_hamstring_strain_and_groin_injuries,supported,8
hamstring_scope_review,restricted_non_contact_hamstring_injury,hold,1
hamstring_scope_review,restricted_non_contact_hamstring_injury_during_official_match,hold,1
hamstring_scope_review,restricted_non_contact_hamstring_injury_during_official_match,supported,1
hamstring_scope_review,restricted_posterior_thigh_hamstring_strain_injury,supported,12
head_neck,head_neck,supported,1
head_neck_scope_review,head_neck_scope_review,hold,2
head_neck_scope_review,restricted_match_related_head_injury,hold,1
injuryLocation_abdomen,injuryLocation_abdomen,hold,1
injuryLocation_abdomen,injuryLocation_abdomen,supported,14
injuryLocation_abdomen,restricted_acute_muscle_strain,supported,1
injuryLocation_ankle,injuryLocation_ankle,hold,23
injuryLocation_ankle,injuryLocation_ankle,supported,83
injuryLocation_ankle,restricted_ankle,hold,1
injuryLocation_ankle,restricted_ankle,supported,1
injuryLocation_ankle,restricted_lower_limb,supported,1
injuryLocation_chest,injuryLocation_chest,hold,2
injuryLocation_chest,injuryLocation_chest,supported,2
injuryLocation_elbow,injuryLocation_elbow,hold,3
injuryLocation_elbow,injuryLocation_elbow,supported,5
injuryLocation_elbow,restricted_upper_limb_injuries_among_goalkeepers,supported,2
injuryLocation_foot,injuryLocation_foot,hold,7
injuryLocation_foot,injuryLocation_foot,supported,63
injuryLocation_foot,restricted_lower_limb,supported,1
injuryLocation_forearm,injuryLocation_forearm,hold,2
injuryLocation_forearm,injuryLocation_forearm,supported,3
injuryLocation_groin,injuryLocation_groin,hold,19
injuryLocation_groin,injuryLocation_groin,supported,41
injuryLocation_groin,restricted_acute_muscle_strain,supported,1
injuryLocation_groin,restricted_groin_injury,supported,6
injuryLocation_groin,restricted_muscle,supported,9
injuryLocation_groin,restricted_non_contact_lower_limb_injury,supported,1
injuryLocation_hand,injuryLocation_hand,hold,2
injuryLocation_hand,injuryLocation_hand,supported,25
injuryLocation_head,injuryLocation_head,hold,4
injuryLocation_head,injuryLocation_head,supported,39
injuryLocation_head,restricted_diagnosed_sports_related_concussion,hold,1
injuryLocation_head,restricted_match_related_head_injury,hold,1
injuryLocation_head,restricted_suspected_sports_related_concussion,hold,1
injuryLocation_head_neck_overall,injuryLocation_head_neck_overall,hold,4
injuryLocation_head_neck_overall,injuryLocation_head_neck_overall,supported,18
injuryLocation_head_neck_overall,restricted_head_and_neck_injury,supported,1
injuryLocation_hip,injuryLocation_hip,hold,5
injuryLocation_hip,injuryLocation_hip,supported,26
injuryLocation_knee,injuryLocation_knee,hold,23
injuryLocation_knee,injuryLocation_knee,supported,83
injuryLocation_knee,restricted_complete_ACL_rupture_confirmed_by_MRI,supported,2
injuryLocation_knee,restricted_lower_limb,supported,1
injuryLocation_knee,restricted_physis_injury,supported,8
injuryLocation_lower_leg,injuryLocation_lower_leg,hold,9
injuryLocation_lower_leg,injuryLocation_lower_leg,supported,73
injuryLocation_lower_leg,restricted_acute_muscle_strain,supported,1
injuryLocation_lower_leg,restricted_lower_limb,supported,1
injuryLocation_lower_leg,restricted_muscle,supported,9
injuryLocation_lower_leg,restricted_non_contact_lower_limb_injury,supported,1
injuryLocation_lower_limb_overall,injuryLocation_lower_limb_overall,hold,5
injuryLocation_lower_limb_overall,injuryLocation_lower_limb_overall,supported,28
injuryLocation_lower_limb_overall,restricted_lower_limb,supported,5
injuryLocation_lower_limb_overall,restricted_muscle,supported,8
injuryLocation_lower_limb_overall,restricted_non_contact_lower_limb_injury,supported,1
injuryLocation_lumbosacral,injuryLocation_lumbosacral,hold,4
injuryLocation_lumbosacral,injuryLocation_lumbosacral,supported,37
injuryLocation_multiple,injuryLocation_multiple,supported,1
injuryLocation_neck,injuryLocation_neck,hold,3
injuryLocation_neck,injuryLocation_neck,supported,19
injuryLocation_position_attacker,injuryLocation_position_attacker,supported,12
injuryLocation_position_attacker,restricted_ankle,hold,1
injuryLocation_position_attacker,restricted_shoulder_injury,supported,1
injuryLocation_position_defender,injuryLocation_position_defender,supported,7
injuryLocation_position_defender,restricted_ankle,hold,1
injuryLocation_position_defender,restricted_shoulder_injury,supported,1
injuryLocation_position_goalkeeper,injuryLocation_position_goalkeeper,supported,12
injuryLocation_position_goalkeeper,restricted_ankle,hold,1
injuryLocation_position_goalkeeper,restricted_shoulder_injury,supported,1
injuryLocation_position_goalkeeper,restricted_upper_limb_injuries_among_goalkeepers,supported,2
injuryLocation_position_midfielder,injuryLocation_position_midfielder,supported,7
injuryLocation_position_midfielder,restricted_ankle,hold,1
injuryLocation_position_midfielder,restricted_shoulder_injury,supported,1
injuryLocation_shoulder,injuryLocation_shoulder,hold,3
injuryLocation_shoulder,injuryLocation_shoulder,supported,34
injuryLocation_shoulder,restricted_shoulder_injury,supported,1
injuryLocation_shoulder,restricted_upper_limb_injuries_among_goalkeepers,supported,2
injuryLocation_side_left,injuryLocation_side_left,supported,2
injuryLocation_side_right,injuryLocation_side_right,supported,2
injuryLocation_thigh,injuryLocation_thigh,hold,9
injuryLocation_thigh,injuryLocation_thigh,supported,80
injuryLocation_thigh,restricted_MRI_confirmed_hamstring_injury_4day_absence,supported,7
injuryLocation_thigh,restricted_acute_muscle_strain,supported,1
injuryLocation_thigh,restricted_hamstring_injury,supported,2
injuryLocation_thigh,restricted_hamstring_muscle_injury,hold,2
injuryLocation_thigh,restricted_hamstring_muscle_injury,supported,1
injuryLocation_thigh,restricted_hamstring_strain_injury,supported,4
injuryLocation_thigh,restricted_lower_limb,supported,1
injuryLocation_thigh,restricted_muscle,supported,9
injuryLocation_thigh,restricted_non_contact_hamstring_injury,supported,1
injuryLocation_thigh,restricted_non_contact_hamstring_injury_during_official_match,supported,1
injuryLocation_thigh,restricted_non_contact_lower_limb_injury,supported,1
injuryLocation_thigh,restricted_posterior_thigh_hamstring_strain_injury,supported,4
injuryLocation_thoracic_spine,injuryLocation_thoracic_spine,hold,1
injuryLocation_thoracic_spine,injuryLocation_thoracic_spine,supported,3
injuryLocation_trunk_overall,injuryLocation_trunk_overall,hold,5
injuryLocation_trunk_overall,injuryLocation_trunk_overall,supported,25
injuryLocation_unspecified,injuryLocation_unspecified,hold,4
injuryLocation_upper_arm,injuryLocation_upper_arm,supported,8
injuryLocation_upper_arm,restricted_upper_limb_injuries_among_goalkeepers,supported,2
injuryLocation_upper_limb_overall,injuryLocation_upper_limb_overall,hold,5
injuryLocation_upper_limb_overall,injuryLocation_upper_limb_overall,supported,39
injuryLocation_wrist,injuryLocation_wrist,hold,2
injuryLocation_wrist,injuryLocation_wrist,supported,9
injuryLocation_wrist,restricted_upper_limb_injuries_among_goalkeepers,supported,2
injuryTissueType_abrasion,injuryTissueType_abrasion,hold,1
injuryTissueType_abrasion,injuryTissueType_abrasion,supported,5
injuryTissueType_bone,injuryTissueType_bone,hold,20
injuryTissueType_bone,injuryTissueType_bone,supported,28
injuryTissueType_bone,restricted_ankle,supported,1
injuryTissueType_bone_contusion,injuryTissueType_bone_contusion,hold,1
injuryTissueType_bone_fracture,injuryTissueType_bone_fracture,hold,7
injuryTissueType_bone_fracture,injuryTissueType_bone_fracture,supported,49
injuryTissueType_bone_fracture,restricted_ankle,hold,1
injuryTissueType_bone_fracture,restricted_ankle,supported,1
injuryTissueType_bone_fracture,restricted_lower_limb,supported,1
injuryTissueType_bone_fracture,restricted_shoulder_injury,supported,1
injuryTissueType_bone_stress,injuryTissueType_bone_stress,hold,2
injuryTissueType_bone_stress,injuryTissueType_bone_stress,supported,4
injuryTissueType_brain_spinal,injuryTissueType_brain_spinal,hold,1
injuryTissueType_brain_spinal,injuryTissueType_brain_spinal,supported,1
injuryTissueType_bursitis,injuryTissueType_bursitis,supported,1
injuryTissueType_cartilage_injury,injuryTissueType_cartilage_injury,hold,3
injuryTissueType_cartilage_injury,injuryTissueType_cartilage_injury,supported,17
injuryTissueType_cartilage_synovium_bursa,injuryTissueType_cartilage_synovium_bursa,hold,3
injuryTissueType_cartilage_synovium_bursa,injuryTissueType_cartilage_synovium_bursa,supported,11
injuryTissueType_concussion,injuryTissueType_concussion,hold,8
injuryTissueType_concussion,injuryTissueType_concussion,supported,36
injuryTissueType_concussion,restricted_diagnosed_sports_related_concussion,hold,1
injuryTissueType_concussion,restricted_head_and_neck_injury,supported,1
injuryTissueType_concussion,restricted_medically_diagnosed_concussion,supported,8
injuryTissueType_concussion,restricted_suspected_sports_related_concussion,hold,1
injuryTissueType_injury_diagnosis,injuryTissueType_injury_diagnosis,hold,1
injuryTissueType_injury_diagnosis,injuryTissueType_injury_diagnosis,supported,34
injuryTissueType_injury_diagnosis,restricted_acute_muscle_strain,supported,1
injuryTissueType_injury_diagnosis,restricted_ankle,hold,1
injuryTissueType_injury_diagnosis,restricted_complete_ACL_rupture_confirmed_by_MRI,supported,2
injuryTissueType_injury_diagnosis,restricted_diagnosed_sports_related_concussion,hold,1
injuryTissueType_injury_diagnosis,restricted_groin_injury,supported,2
injuryTissueType_injury_diagnosis,restricted_match_related_head_injury,hold,1
injuryTissueType_injury_diagnosis,restricted_non_contact_hamstring_injury_during_official_match,supported,1
injuryTissueType_injury_diagnosis,restricted_non_contact_lower_limb_injury,supported,1
injuryTissueType_injury_diagnosis,restricted_posterior_thigh_hamstring_strain_injury,supported,4
injuryTissueType_injury_diagnosis,restricted_suspected_sports_related_concussion,hold,1
injuryTissueType_joint_sprain,injuryTissueType_joint_sprain,hold,7
injuryTissueType_joint_sprain,injuryTissueType_joint_sprain,supported,35
injuryTissueType_joint_sprain,restricted_ankle,hold,1
injuryTissueType_joint_sprain,restricted_ankle,supported,1
injuryTissueType_joint_sprain,restricted_shoulder_injury,supported,1
injuryTissueType_laceration,injuryTissueType_laceration,hold,1
injuryTissueType_laceration,injuryTissueType_laceration,supported,11
injuryTissueType_laceration,restricted_lower_limb,supported,1
injuryTissueType_ligament_joint_capsule,injuryTissueType_ligament_joint_capsule,hold,8
injuryTissueType_ligament_joint_capsule,injuryTissueType_ligament_joint_capsule,supported,50
injuryTissueType_ligament_joint_capsule,restricted_ankle,supported,1
injuryTissueType_muscle_contusion,injuryTissueType_muscle_contusion,hold,3
injuryTissueType_muscle_contusion,injuryTissueType_muscle_contusion,supported,4
injuryTissueType_muscle_injury,injuryTissueType_muscle_injury,hold,16
injuryTissueType_muscle_injury,injuryTissueType_muscle_injury,supported,70
injuryTissueType_muscle_injury,restricted_MRI_confirmed_hamstring_injury_4day_absence,supported,7
injuryTissueType_muscle_injury,restricted_acute_muscle_strain,supported,1
injuryTissueType_muscle_injury,restricted_hamstring_injury,supported,2
injuryTissueType_muscle_injury,restricted_hamstring_muscle_injury,hold,2
injuryTissueType_muscle_injury,restricted_hamstring_muscle_injury,supported,1
injuryTissueType_muscle_injury,restricted_muscle,supported,9
injuryTissueType_muscle_injury,restricted_non_contact_hamstring_injury,supported,1
injuryTissueType_muscle_injury,restricted_non_contact_lower_limb_muscle_injury,supported,12
injuryTissueType_muscle_injury,restricted_posterior_thigh_hamstring_strain_injury,supported,4
injuryTissueType_muscle_tendon,injuryTissueType_muscle_tendon,hold,7
injuryTissueType_muscle_tendon,injuryTissueType_muscle_tendon,supported,37
injuryTissueType_muscle_tendon,restricted_MRI_confirmed_hamstring_injury_4day_absence,supported,7
injuryTissueType_muscle_tendon,restricted_acute_muscle_strain,supported,1
injuryTissueType_muscle_tendon,restricted_shoulder_injury,supported,1
injuryTissueType_nervous,injuryTissueType_nervous,hold,1
injuryTissueType_nervous,injuryTissueType_nervous,supported,15
injuryTissueType_non_specific_tissue,injuryTissueType_non_specific_tissue,hold,3
injuryTissueType_non_specific_tissue,injuryTissueType_non_specific_tissue,supported,28
injuryTissueType_non_specific_tissue,restricted_ankle,hold,1
injuryTissueType_physis,injuryTissueType_physis,supported,1
injuryTissueType_physis,restricted_physis_injury,supported,8
injuryTissueType_superficial_contusion,injuryTissueType_superficial_contusion,hold,5
injuryTissueType_superficial_contusion,injuryTissueType_superficial_contusion,supported,47
injuryTissueType_superficial_contusion,restricted_ankle,hold,1
injuryTissueType_superficial_contusion,restricted_ankle,supported,1
injuryTissueType_superficial_contusion,restricted_lower_limb,supported,1
injuryTissueType_superficial_contusion,restricted_shoulder_injury,supported,1
injuryTissueType_superficial_tissues_skin,injuryTissueType_superficial_tissues_skin,hold,4
injuryTissueType_superficial_tissues_skin,injuryTissueType_superficial_tissues_skin,supported,13
injuryTissueType_synovitis_capsulitis,injuryTissueType_synovitis_capsulitis,hold,1
injuryTissueType_synovitis_capsulitis,restricted_ankle,hold,1
injuryTissueType_tendinopathy,injuryTissueType_tendinopathy,hold,14
injuryTissueType_tendinopathy,injuryTissueType_tendinopathy,supported,23
injuryTissueType_tendinopathy,restricted_ankle,hold,1
injuryTissueType_tendinopathy,restricted_ankle,supported,1
injuryTissueType_tendon_injury,injuryTissueType_tendon_injury,hold,1
injuryTissueType_tendon_injury,injuryTissueType_tendon_injury,supported,14
injuryTissueType_tendon_rupture,injuryTissueType_tendon_rupture,supported,2
injuryTissueType_vessels,injuryTissueType_vessels,hold,3
knee_scope_review,knee,supported,11
lower_limb_scope_review,lower_limb,supported,18
lower_limb_scope_review,lower_limb_scope_review,hold,1
lower_limb_scope_review,restricted_lower_limb,hold,4
lower_limb_scope_review,restricted_lower_limb,supported,3
lower_limb_scope_review,restricted_non_contact_lower_limb_injury,hold,1
muscle_scope_review,muscle,supported,7
muscle_scope_review,muscle_scope_review,hold,3
muscle_scope_review,restricted_acute_muscle_strain,supported,3
muscle_scope_review,restricted_hamstring_muscle_injury,hold,8
muscle_scope_review,restricted_hamstring_muscle_injury,supported,1
muscle_scope_review,restricted_muscle,hold,2
muscle_scope_review,restricted_muscle,supported,17
muscle_scope_review,restricted_non_contact_calf_muscle_strain,supported,2
muscle_scope_review,restricted_non_contact_lower_limb_muscle_injury,hold,12
non_contact_scope_review,non_contact,supported,8
overuse_scope_review,overuse,supported,1
upper_limb_scope_review,restricted_upper_limb_injuries_among_goalkeepers,supported,2
