observation_id,paper_id,sourceDataRow,setting,observed_count,reported_rate_per_1000,source_incidence_definition,reverse_exposure_supported,approximate_exposure_player_hours,route,reason_or_evidence
71:incidence:overall:main,S061,71,overall,150,4.97,number of injuries/1000 hours,false,,not_supported,explicit_crude_definition
71:incidence:match:main,S061,71,match,63,25.2,number of injuries/1000 hours,false,,not_supported,explicit_crude_definition
71:incidence:training:main,S061,71,training,87,3.15,number of injuries/1000 hours,false,,not_supported,explicit_crude_definition
72:incidence:overall:main,S061,72,overall,314,6.83,number of injuries/1000 hours,false,,not_supported,explicit_crude_definition
72:incidence:match:main,S061,72,match,148,25.8,number of injuries/1000 hours,false,,not_supported,explicit_crude_definition
72:incidence:training:main,S061,72,training,166,4.13,number of injuries/1000 hours,false,,not_supported,explicit_crude_definition
73:incidence:overall:main,S061,73,overall,390,7.12,number of injuries/1000 hours,false,,not_supported,explicit_crude_definition
73:incidence:match:main,S061,73,match,195,27.5,number of injuries/1000 hours,false,,not_supported,explicit_crude_definition
73:incidence:training:main,S061,73,training,195,4.09,number of injuries/1000 hours,false,,not_supported,explicit_crude_definition
74:incidence:overall:main,S061,74,overall,540,8.57,number of injuries/1000 hours,false,,not_supported,explicit_crude_definition
74:incidence:match:main,S061,74,match,288,35.9,number of injuries/1000 hours,false,,not_supported,explicit_crude_definition
74:incidence:training:main,S061,74,training,252,4.59,number of injuries/1000 hours,false,,not_supported,explicit_crude_definition
75:incidence:overall:main,S061,75,overall,593,8.69,number of injuries/1000 hours,false,,not_supported,explicit_crude_definition
75:incidence:match:main,S061,75,match,340,38.5,number of injuries/1000 hours,false,,not_supported,explicit_crude_definition
75:incidence:training:main,S061,75,training,253,4.26,number of injuries/1000 hours,false,,not_supported,explicit_crude_definition
76:incidence:overall:main,S061,76,overall,380,8.72,number of injuries/1000 hours,false,,not_supported,explicit_crude_definition
76:incidence:match:main,S061,76,match,221,34.8,number of injuries/1000 hours,false,,not_supported,explicit_crude_definition
76:incidence:training:main,S061,76,training,152,4.08,number of injuries/1000 hours,false,,not_supported,explicit_crude_definition
109:incidence:overall:main,S072,109,overall,234,7.1,Injuries per 1000 hours of football,true,32957.74648,approximate_exposure_sensitivity_only,"Saved master retains an observed count, a same-setting crude per-1,000-hour rate and a compatible time-loss definition. Rounded-rate inversion is approximate only; no model eligibility."
111:incidence:overall:main,S076,111,overall,133,7.8,The number of time-loss injuries per 1000 player hours.,true,17051.28205,approximate_exposure_sensitivity_only,"Saved master retains an observed count, a same-setting crude per-1,000-hour rate and a compatible time-loss definition. Rounded-rate inversion is approximate only; no model eligibility."
112:incidence:overall:main,S076,112,overall,164,8.5,The number of time-loss injuries per 1000 player hours.,true,19294.11765,approximate_exposure_sensitivity_only,"Saved master retains an observed count, a same-setting crude per-1,000-hour rate and a compatible time-loss definition. Rounded-rate inversion is approximate only; no model eligibility."
113:incidence:overall:main,S076,113,overall,194,10.9,The number of time-loss injuries per 1000 player hours.,true,17798.16514,approximate_exposure_sensitivity_only,"Saved master retains an observed count, a same-setting crude per-1,000-hour rate and a compatible time-loss definition. Rounded-rate inversion is approximate only; no model eligibility."
114:incidence:overall:main,S076,114,overall,215,13.7,The number of time-loss injuries per 1000 player hours.,true,15693.43066,approximate_exposure_sensitivity_only,"Saved master retains an observed count, a same-setting crude per-1,000-hour rate and a compatible time-loss definition. Rounded-rate inversion is approximate only; no model eligibility."
115:incidence:overall:main,S076,115,overall,234,17,The number of time-loss injuries per 1000 player hours.,true,13764.70588,approximate_exposure_sensitivity_only,"Saved master retains an observed count, a same-setting crude per-1,000-hour rate and a compatible time-loss definition. Rounded-rate inversion is approximate only; no model eligibility."
116:incidence:overall:main,S076,116,overall,171,18.6,The number of time-loss injuries per 1000 player hours.,true,9193.548387,approximate_exposure_sensitivity_only,"Saved master retains an observed count, a same-setting crude per-1,000-hour rate and a compatible time-loss definition. Rounded-rate inversion is approximate only; no model eligibility."
169:incidence:overall:main,S115,169,overall,182,7.6,injuries per 1000 hours of exposure,true,23947.36842,approximate_exposure_sensitivity_only,"Saved master retains an observed count, a same-setting crude per-1,000-hour rate and a compatible time-loss definition. Rounded-rate inversion is approximate only; no model eligibility."
170:incidence:overall:main,S115,170,overall,307,9.6,injuries per 1000 hours of exposure,true,31979.16667,approximate_exposure_sensitivity_only,"Saved master retains an observed count, a same-setting crude per-1,000-hour rate and a compatible time-loss definition. Rounded-rate inversion is approximate only; no model eligibility."
195:incidence:overall:main,S1447,195,overall,44,3.34,per 1000 match exposure hours,false,,not_supported,setting_matches_rate_definition
195:incidence:match:main,S1447,195,match,44,3.34,per 1000 match exposure hours,true,13173.65269,approximate_exposure_sensitivity_only,"Saved master retains an observed count, a same-setting crude per-1,000-hour rate and a compatible time-loss definition. Rounded-rate inversion is approximate only; no model eligibility."
224:incidence:match:main,S159,224,match,219,41.9,number of injuries per 1000 player-hours exposure to play,true,5226.73031,approximate_exposure_sensitivity_only,"Saved master retains an observed count, a same-setting crude per-1,000-hour rate and a compatible time-loss definition. Rounded-rate inversion is approximate only; no model eligibility."
224:incidence:training:main,S159,224,training,141,3,number of injuries per 1000 player-hours exposure to play,true,47000,approximate_exposure_sensitivity_only,"Saved master retains an observed count, a same-setting crude per-1,000-hour rate and a compatible time-loss definition. Rounded-rate inversion is approximate only; no model eligibility."
260:incidence:overall:main,S186,260,overall,237,7.4,number of non-contact injuries per 1000 h of exposure,true,32027.02703,approximate_exposure_sensitivity_only,"Saved master retains an observed count, a same-setting crude per-1,000-hour rate and a compatible time-loss definition. Rounded-rate inversion is approximate only; no model eligibility."
266:incidence:overall:main,S192,266,overall,5,6.45,injuries/1000 h exposure,false,,not_supported,explicit_crude_definition
267:incidence:overall:main,S192,267,overall,1,1.15,injuries/1000 h exposure,false,,not_supported,explicit_crude_definition
268:incidence:overall:main,S1938,268,overall,7,11.34,per 1000 player-hours,true,617.2839506,approximate_exposure_sensitivity_only,"Saved master retains an observed count, a same-setting crude per-1,000-hour rate and a compatible time-loss definition. Rounded-rate inversion is approximate only; no model eligibility."
269:incidence:overall:main,S1938,269,overall,1,1.31,per 1000 player-hours,true,763.3587786,approximate_exposure_sensitivity_only,"Saved master retains an observed count, a same-setting crude per-1,000-hour rate and a compatible time-loss definition. Rounded-rate inversion is approximate only; no model eligibility."
270:incidence:overall:main,S1941,270,overall,17,7.8,per 1000 exposure hours,true,2179.487179,approximate_exposure_sensitivity_only,"Saved master retains an observed count, a same-setting crude per-1,000-hour rate and a compatible time-loss definition. Rounded-rate inversion is approximate only; no model eligibility."
280:incidence:overall:main,S1993,280,overall,80,6.42,per 1000 exposure hours,true,12461.05919,approximate_exposure_sensitivity_only,"Saved master retains an observed count, a same-setting crude per-1,000-hour rate and a compatible time-loss definition. Rounded-rate inversion is approximate only; no model eligibility."
280:incidence:match:main,S1993,280,match,18,5.94,per 1000 exposure hours,true,3030.30303,approximate_exposure_sensitivity_only,"Saved master retains an observed count, a same-setting crude per-1,000-hour rate and a compatible time-loss definition. Rounded-rate inversion is approximate only; no model eligibility."
280:incidence:training:main,S1993,280,training,62,6.41,per 1000 exposure hours,true,9672.386895,approximate_exposure_sensitivity_only,"Saved master retains an observed count, a same-setting crude per-1,000-hour rate and a compatible time-loss definition. Rounded-rate inversion is approximate only; no model eligibility."
307:incidence:overall:main,S2048,307,overall,42,8.94,injuries per 1000 player-hours,true,4697.986577,approximate_exposure_sensitivity_only,"Saved master retains an observed count, a same-setting crude per-1,000-hour rate and a compatible time-loss definition. Rounded-rate inversion is approximate only; no model eligibility."
340:incidence:overall:main,S2234,340,overall,109,3.9,injuries per 1000 player-hours,true,27948.71795,approximate_exposure_sensitivity_only,"Saved master retains an observed count, a same-setting crude per-1,000-hour rate and a compatible time-loss definition. Rounded-rate inversion is approximate only; no model eligibility."
340:incidence:match:main,S2234,340,match,25,6.4,injuries per 1000 player-hours,true,3906.25,approximate_exposure_sensitivity_only,"Saved master retains an observed count, a same-setting crude per-1,000-hour rate and a compatible time-loss definition. Rounded-rate inversion is approximate only; no model eligibility."
340:incidence:training:main,S2234,340,training,84,3.5,injuries per 1000 player-hours,true,24000,approximate_exposure_sensitivity_only,"Saved master retains an observed count, a same-setting crude per-1,000-hour rate and a compatible time-loss definition. Rounded-rate inversion is approximate only; no model eligibility."
341:incidence:overall:main,S2234,341,overall,149,6,injuries per 1000 player-hours,true,24833.33333,approximate_exposure_sensitivity_only,"Saved master retains an observed count, a same-setting crude per-1,000-hour rate and a compatible time-loss definition. Rounded-rate inversion is approximate only; no model eligibility."
341:incidence:match:main,S2234,341,match,53,11.3,injuries per 1000 player-hours,true,4690.265487,approximate_exposure_sensitivity_only,"Saved master retains an observed count, a same-setting crude per-1,000-hour rate and a compatible time-loss definition. Rounded-rate inversion is approximate only; no model eligibility."
341:incidence:training:main,S2234,341,training,96,4.8,injuries per 1000 player-hours,true,20000,approximate_exposure_sensitivity_only,"Saved master retains an observed count, a same-setting crude per-1,000-hour rate and a compatible time-loss definition. Rounded-rate inversion is approximate only; no model eligibility."
342:incidence:overall:main,S2234,342,overall,202,7.4,injuries per 1000 player-hours,true,27297.2973,approximate_exposure_sensitivity_only,"Saved master retains an observed count, a same-setting crude per-1,000-hour rate and a compatible time-loss definition. Rounded-rate inversion is approximate only; no model eligibility."
342:incidence:match:main,S2234,342,match,73,18.3,injuries per 1000 player-hours,true,3989.071038,approximate_exposure_sensitivity_only,"Saved master retains an observed count, a same-setting crude per-1,000-hour rate and a compatible time-loss definition. Rounded-rate inversion is approximate only; no model eligibility."
342:incidence:training:main,S2234,342,training,129,5.5,injuries per 1000 player-hours,true,23454.54545,approximate_exposure_sensitivity_only,"Saved master retains an observed count, a same-setting crude per-1,000-hour rate and a compatible time-loss definition. Rounded-rate inversion is approximate only; no model eligibility."
343:incidence:overall:main,S2234,343,overall,217,7.4,injuries per 1000 player-hours,true,29324.32432,approximate_exposure_sensitivity_only,"Saved master retains an observed count, a same-setting crude per-1,000-hour rate and a compatible time-loss definition. Rounded-rate inversion is approximate only; no model eligibility."
343:incidence:match:main,S2234,343,match,80,15.6,injuries per 1000 player-hours,true,5128.205128,approximate_exposure_sensitivity_only,"Saved master retains an observed count, a same-setting crude per-1,000-hour rate and a compatible time-loss definition. Rounded-rate inversion is approximate only; no model eligibility."
343:incidence:training:main,S2234,343,training,137,5.6,injuries per 1000 player-hours,true,24464.28571,approximate_exposure_sensitivity_only,"Saved master retains an observed count, a same-setting crude per-1,000-hour rate and a compatible time-loss definition. Rounded-rate inversion is approximate only; no model eligibility."
344:incidence:overall:main,S2234,344,overall,155,5.1,injuries per 1000 player-hours,true,30392.15686,approximate_exposure_sensitivity_only,"Saved master retains an observed count, a same-setting crude per-1,000-hour rate and a compatible time-loss definition. Rounded-rate inversion is approximate only; no model eligibility."
344:incidence:match:main,S2234,344,match,45,10.2,injuries per 1000 player-hours,true,4411.764706,approximate_exposure_sensitivity_only,"Saved master retains an observed count, a same-setting crude per-1,000-hour rate and a compatible time-loss definition. Rounded-rate inversion is approximate only; no model eligibility."
344:incidence:training:main,S2234,344,training,110,4.2,injuries per 1000 player-hours,true,26190.47619,approximate_exposure_sensitivity_only,"Saved master retains an observed count, a same-setting crude per-1,000-hour rate and a compatible time-loss definition. Rounded-rate inversion is approximate only; no model eligibility."
347:incidence:overall:main,S2254,347,overall,71,1.36,first substantial knee injuries per 1000 player-hours (training + match),true,52205.88235,approximate_exposure_sensitivity_only,"Saved master retains an observed count, a same-setting crude per-1,000-hour rate and a compatible time-loss definition. Rounded-rate inversion is approximate only; no model eligibility."
407:incidence:overall:main,S247,407,overall,18,14.1,"Injury rates per 1000 h (for training and matches respectively) were calculated as per other research [7]. Injury rates were calculated as a group mean for the match context (SM vs. MM weeks) and squad means for comparison between seasons, which is similar to other research [3, 7, 8] that has used squad injury rates ie. total injuries for the squad and mean exposure duration.",false,,not_supported,explicit_crude_definition
407:incidence:match:main,S247,407,match,13,16.3,"Injury rates per 1000 h (for training and matches respectively) were calculated as per other research [7]. Injury rates were calculated as a group mean for the match context (SM vs. MM weeks) and squad means for comparison between seasons, which is similar to other research [3, 7, 8] that has used squad injury rates ie. total injuries for the squad and mean exposure duration.",false,,not_supported,explicit_crude_definition
407:incidence:training:main,S247,407,training,5,11.7,"Injury rates per 1000 h (for training and matches respectively) were calculated as per other research [7]. Injury rates were calculated as a group mean for the match context (SM vs. MM weeks) and squad means for comparison between seasons, which is similar to other research [3, 7, 8] that has used squad injury rates ie. total injuries for the squad and mean exposure duration.",false,,not_supported,explicit_crude_definition
408:incidence:overall:main,S247,408,overall,36,22.7,"Injury rates per 1000 h (for training and matches respectively) were calculated as per other research [7]. Injury rates were calculated as a group mean for the match context (SM vs. MM weeks) and squad means for comparison between seasons, which is similar to other research [3, 7, 8] that has used squad injury rates ie. total injuries for the squad and mean exposure duration.",false,,not_supported,explicit_crude_definition
408:incidence:match:main,S247,408,match,21,28.9,"Injury rates per 1000 h (for training and matches respectively) were calculated as per other research [7]. Injury rates were calculated as a group mean for the match context (SM vs. MM weeks) and squad means for comparison between seasons, which is similar to other research [3, 7, 8] that has used squad injury rates ie. total injuries for the squad and mean exposure duration.",false,,not_supported,explicit_crude_definition
408:incidence:training:main,S247,408,training,15,14.6,"Injury rates per 1000 h (for training and matches respectively) were calculated as per other research [7]. Injury rates were calculated as a group mean for the match context (SM vs. MM weeks) and squad means for comparison between seasons, which is similar to other research [3, 7, 8] that has used squad injury rates ie. total injuries for the squad and mean exposure duration.",false,,not_supported,explicit_crude_definition
409:incidence:overall:main,S247,409,overall,46,27.3,"Injury rates per 1000 h (for training and matches respectively) were calculated as per other research [7]. Injury rates were calculated as a group mean for the match context (SM vs. MM weeks) and squad means for comparison between seasons, which is similar to other research [3, 7, 8] that has used squad injury rates ie. total injuries for the squad and mean exposure duration.",false,,not_supported,explicit_crude_definition
409:incidence:match:main,S247,409,match,20,33.9,"Injury rates per 1000 h (for training and matches respectively) were calculated as per other research [7]. Injury rates were calculated as a group mean for the match context (SM vs. MM weeks) and squad means for comparison between seasons, which is similar to other research [3, 7, 8] that has used squad injury rates ie. total injuries for the squad and mean exposure duration.",false,,not_supported,explicit_crude_definition
409:incidence:training:main,S247,409,training,26,19.8,"Injury rates per 1000 h (for training and matches respectively) were calculated as per other research [7]. Injury rates were calculated as a group mean for the match context (SM vs. MM weeks) and squad means for comparison between seasons, which is similar to other research [3, 7, 8] that has used squad injury rates ie. total injuries for the squad and mean exposure duration.",false,,not_supported,explicit_crude_definition
422:incidence:overall:main,S2538,422,overall,5,9.57,injuries per 1000 player-hours,true,522.4660397,approximate_exposure_sensitivity_only,"Saved master retains an observed count, a same-setting crude per-1,000-hour rate and a compatible time-loss definition. Rounded-rate inversion is approximate only; no model eligibility."
467:incidence:overall:main,S2761,467,overall,41,8.08,"per 1,000 exposure hours [training, match and combined]",false,,not_supported,explicit_crude_definition
468:incidence:overall:main,S2761,468,overall,32,6.17,"per 1,000 exposure hours [training, match and combined]",false,,not_supported,explicit_crude_definition
469:incidence:overall:main,S2761,469,overall,58,12.6,"per 1,000 exposure hours [training, match and combined]",false,,not_supported,explicit_crude_definition
470:incidence:overall:main,S2761,470,overall,49,9.81,"per 1,000 exposure hours [training, match and combined]",false,,not_supported,explicit_crude_definition
471:incidence:overall:main,S2761,471,overall,46,8.2,"per 1,000 exposure hours [training, match and combined]",false,,not_supported,explicit_crude_definition
479:incidence:match:main,S2823,479,match,12,3.1,"calf muscle strain injuries per 1000 player-hours, separately for match and training exposure",true,3870.967742,approximate_exposure_sensitivity_only,"Saved master retains an observed count, a same-setting crude per-1,000-hour rate and a compatible time-loss definition. Rounded-rate inversion is approximate only; no model eligibility."
479:incidence:training:main,S2823,479,training,4,0.5,"calf muscle strain injuries per 1000 player-hours, separately for match and training exposure",true,8000,approximate_exposure_sensitivity_only,"Saved master retains an observed count, a same-setting crude per-1,000-hour rate and a compatible time-loss definition. Rounded-rate inversion is approximate only; no model eligibility."
497:incidence:match:main,S284,497,match,292,17.9,injuries per 1000 h,true,16312.84916,approximate_exposure_sensitivity_only,"Saved master retains an observed count, a same-setting crude per-1,000-hour rate and a compatible time-loss definition. Rounded-rate inversion is approximate only; no model eligibility."
497:incidence:training:main,S284,497,training,213,2.5,injuries per 1000 h,true,85200,approximate_exposure_sensitivity_only,"Saved master retains an observed count, a same-setting crude per-1,000-hour rate and a compatible time-loss definition. Rounded-rate inversion is approximate only; no model eligibility."
498:incidence:match:main,S284,498,match,493,15.1,injuries per 1000 h,true,32649.00662,approximate_exposure_sensitivity_only,"Saved master retains an observed count, a same-setting crude per-1,000-hour rate and a compatible time-loss definition. Rounded-rate inversion is approximate only; no model eligibility."
498:incidence:training:main,S284,498,training,355,1.9,injuries per 1000 h,true,186842.1053,approximate_exposure_sensitivity_only,"Saved master retains an observed count, a same-setting crude per-1,000-hour rate and a compatible time-loss definition. Rounded-rate inversion is approximate only; no model eligibility."
504:incidence:overall:main,S291,504,overall,117,8.4,injuries per 1000 hours of exposure,true,13928.57143,approximate_exposure_sensitivity_only,"Saved master retains an observed count, a same-setting crude per-1,000-hour rate and a compatible time-loss definition. Rounded-rate inversion is approximate only; no model eligibility."
504:incidence:match:main,S291,504,match,71,29.9,injuries per 1000 hours of exposure,true,2374.58194,approximate_exposure_sensitivity_only,"Saved master retains an observed count, a same-setting crude per-1,000-hour rate and a compatible time-loss definition. Rounded-rate inversion is approximate only; no model eligibility."
504:incidence:training:main,S291,504,training,46,4.1,injuries per 1000 hours of exposure,true,11219.5122,approximate_exposure_sensitivity_only,"Saved master retains an observed count, a same-setting crude per-1,000-hour rate and a compatible time-loss definition. Rounded-rate inversion is approximate only; no model eligibility."
505:incidence:overall:main,S292,505,overall,14,20.2,Injuries per 1000 match hours,false,,not_supported,sole_time_loss_definition; setting_matches_rate_definition
518:incidence:match:main,S2991,518,match,11,12.2,"injuries per 1000 player-hours of total, match or training exposure",true,901.6393443,approximate_exposure_sensitivity_only,"Saved master retains an observed count, a same-setting crude per-1,000-hour rate and a compatible time-loss definition. Rounded-rate inversion is approximate only; no model eligibility."
518:incidence:training:main,S2991,518,training,29,2.3,"injuries per 1000 player-hours of total, match or training exposure",true,12608.69565,approximate_exposure_sensitivity_only,"Saved master retains an observed count, a same-setting crude per-1,000-hour rate and a compatible time-loss definition. Rounded-rate inversion is approximate only; no model eligibility."
524:incidence:overall:main,S305,524,overall,95,4.2,number of injuries per 1000 hours of exposure in training and/or games,false,,not_supported,setting_matches_rate_definition
571:incidence:match:main,S3407,571,match,24,22.27,time-loss injuries per 1000 player-hours,true,1077.682982,approximate_exposure_sensitivity_only,"Saved master retains an observed count, a same-setting crude per-1,000-hour rate and a compatible time-loss definition. Rounded-rate inversion is approximate only; no model eligibility."
572:incidence:match:main,S3407,572,match,23,20.41,time-loss injuries per 1000 player-hours,true,1126.898579,approximate_exposure_sensitivity_only,"Saved master retains an observed count, a same-setting crude per-1,000-hour rate and a compatible time-loss definition. Rounded-rate inversion is approximate only; no model eligibility."
614:incidence:overall:main,S382,614,overall,79,6.8,injuries per 1000 hours of soccer exposure,true,11617.64706,approximate_exposure_sensitivity_only,"Saved master retains an observed count, a same-setting crude per-1,000-hour rate and a compatible time-loss definition. Rounded-rate inversion is approximate only; no model eligibility."
617:incidence:overall:main,S387,617,overall,199,1.2,"injuries per 1000 hours of play during training, matches, and total exposure",true,165833.3333,approximate_exposure_sensitivity_only,"Saved master retains an observed count, a same-setting crude per-1,000-hour rate and a compatible time-loss definition. Rounded-rate inversion is approximate only; no model eligibility."
617:incidence:match:main,S387,617,match,60,4.7,"injuries per 1000 hours of play during training, matches, and total exposure",true,12765.95745,approximate_exposure_sensitivity_only,"Saved master retains an observed count, a same-setting crude per-1,000-hour rate and a compatible time-loss definition. Rounded-rate inversion is approximate only; no model eligibility."
617:incidence:training:main,S387,617,training,139,0.9,"injuries per 1000 hours of play during training, matches, and total exposure",true,154444.4444,approximate_exposure_sensitivity_only,"Saved master retains an observed count, a same-setting crude per-1,000-hour rate and a compatible time-loss definition. Rounded-rate inversion is approximate only; no model eligibility."
640:incidence:overall:main,S3935,640,overall,26,2.1,time-loss injuries per 1000 player-hours,true,12380.95238,approximate_exposure_sensitivity_only,"Saved master retains an observed count, a same-setting crude per-1,000-hour rate and a compatible time-loss definition. Rounded-rate inversion is approximate only; no model eligibility."
640:incidence:match:main,S3935,640,match,8,13.5,time-loss injuries per 1000 player-hours,true,592.5925926,approximate_exposure_sensitivity_only,"Saved master retains an observed count, a same-setting crude per-1,000-hour rate and a compatible time-loss definition. Rounded-rate inversion is approximate only; no model eligibility."
640:incidence:training:main,S3935,640,training,18,1.5,time-loss injuries per 1000 player-hours,true,12000,approximate_exposure_sensitivity_only,"Saved master retains an observed count, a same-setting crude per-1,000-hour rate and a compatible time-loss definition. Rounded-rate inversion is approximate only; no model eligibility."
641:incidence:overall:main,S394,641,overall,524,7.2,injuries per 1000 h,false,,not_supported,compatible_exposure_unit
642:incidence:overall:main,S394,642,overall,473,7.3,injuries per 1000 h,false,,not_supported,compatible_exposure_unit
643:incidence:overall:main,S394,643,overall,387,6.8,injuries per 1000 h,false,,not_supported,compatible_exposure_unit
644:incidence:overall:main,S394,644,overall,416,8.3,injuries per 1000 h,false,,not_supported,compatible_exposure_unit
645:incidence:overall:main,S394,645,overall,354,7.3,injuries per 1000 h,false,,not_supported,compatible_exposure_unit
646:incidence:overall:main,S394,646,overall,312,6.6,injuries per 1000 h,false,,not_supported,compatible_exposure_unit
647:incidence:overall:main,S394,647,overall,281,6.6,injuries per 1000 h,false,,not_supported,compatible_exposure_unit
648:incidence:overall:main,S394,648,overall,292,6.7,injuries per 1000 h,false,,not_supported,compatible_exposure_unit
649:incidence:overall:main,S394,649,overall,190,4.8,injuries per 1000 h,false,,not_supported,compatible_exposure_unit
650:incidence:overall:main,S394,650,overall,158,3.7,injuries per 1000 h,false,,not_supported,compatible_exposure_unit
651:incidence:overall:main,S394,651,overall,131,4,injuries per 1000 h,false,,not_supported,compatible_exposure_unit
652:incidence:overall:main,S394,652,overall,382,7.1,injuries per 1000 h,false,,not_supported,compatible_exposure_unit
653:incidence:overall:main,S394,653,overall,100,5,injuries per 1000 h,false,,not_supported,compatible_exposure_unit
654:incidence:overall:main,S394,654,overall,35,4.3,injuries per 1000 h,false,,not_supported,compatible_exposure_unit
655:incidence:overall:main,S394,655,overall,41,5.7,injuries per 1000 h,false,,not_supported,compatible_exposure_unit
656:incidence:overall:main,S394,656,overall,17,3.6,injuries per 1000 h,false,,not_supported,compatible_exposure_unit
660:incidence:overall:main,S3944,660,overall,74,0.15,match- and training-related apophyseal injuries per 1000 player-hours,true,493333.3333,approximate_exposure_sensitivity_only,"Saved master retains an observed count, a same-setting crude per-1,000-hour rate and a compatible time-loss definition. Rounded-rate inversion is approximate only; no model eligibility."
661:incidence:overall:main,S3944,661,overall,230,0.42,match- and training-related apophyseal injuries per 1000 player-hours,true,547619.0476,approximate_exposure_sensitivity_only,"Saved master retains an observed count, a same-setting crude per-1,000-hour rate and a compatible time-loss definition. Rounded-rate inversion is approximate only; no model eligibility."
662:incidence:overall:main,S3944,662,overall,112,0.38,match- and training-related apophyseal injuries per 1000 player-hours,true,294736.8421,approximate_exposure_sensitivity_only,"Saved master retains an observed count, a same-setting crude per-1,000-hour rate and a compatible time-loss definition. Rounded-rate inversion is approximate only; no model eligibility."
663:incidence:overall:main,S3944,663,overall,37,0.1,match- and training-related apophyseal injuries per 1000 player-hours,true,370000,approximate_exposure_sensitivity_only,"Saved master retains an observed count, a same-setting crude per-1,000-hour rate and a compatible time-loss definition. Rounded-rate inversion is approximate only; no model eligibility."
669:incidence:overall:main,S3953,669,overall,75,1.97,non-contact lower-limb injuries per 1000 athlete-hours of training and match exposure,false,,not_supported,compatible_exposure_unit
673:incidence:overall:main,S3972,673,overall,20,4.5,non-contact time-loss injuries per 1000 player-hours,true,4444.444444,approximate_exposure_sensitivity_only,"Saved master retains an observed count, a same-setting crude per-1,000-hour rate and a compatible time-loss definition. Rounded-rate inversion is approximate only; no model eligibility."
682:incidence:overall:main,S403,682,overall,313,10.9,injuries per 1000 hours of exposure,true,28715.59633,approximate_exposure_sensitivity_only,"Saved master retains an observed count, a same-setting crude per-1,000-hour rate and a compatible time-loss definition. Rounded-rate inversion is approximate only; no model eligibility."
682:incidence:match:main,S403,682,match,184,44.1,injuries per 1000 hours of exposure,true,4172.335601,approximate_exposure_sensitivity_only,"Saved master retains an observed count, a same-setting crude per-1,000-hour rate and a compatible time-loss definition. Rounded-rate inversion is approximate only; no model eligibility."
682:incidence:training:main,S403,682,training,129,5.2,injuries per 1000 hours of exposure,true,24807.69231,approximate_exposure_sensitivity_only,"Saved master retains an observed count, a same-setting crude per-1,000-hour rate and a compatible time-loss definition. Rounded-rate inversion is approximate only; no model eligibility."
687:incidence:match:main,S407,687,match,41,8.86,injuries per 1000 hours of exposure,true,4627.539503,approximate_exposure_sensitivity_only,"Saved master retains an observed count, a same-setting crude per-1,000-hour rate and a compatible time-loss definition. Rounded-rate inversion is approximate only; no model eligibility."
687:incidence:training:main,S407,687,training,64,2.51,injuries per 1000 hours of exposure,true,25498.00797,approximate_exposure_sensitivity_only,"Saved master retains an observed count, a same-setting crude per-1,000-hour rate and a compatible time-loss definition. Rounded-rate inversion is approximate only; no model eligibility."
688:incidence:match:main,S407,688,match,1,0.39,injuries per 1000 hours of exposure,true,2564.102564,approximate_exposure_sensitivity_only,"Saved master retains an observed count, a same-setting crude per-1,000-hour rate and a compatible time-loss definition. Rounded-rate inversion is approximate only; no model eligibility."
688:incidence:training:main,S407,688,training,6,0.69,injuries per 1000 hours of exposure,true,8695.652174,approximate_exposure_sensitivity_only,"Saved master retains an observed count, a same-setting crude per-1,000-hour rate and a compatible time-loss definition. Rounded-rate inversion is approximate only; no model eligibility."
689:incidence:match:main,S407,689,match,4,3.57,injuries per 1000 hours of exposure,true,1120.448179,approximate_exposure_sensitivity_only,"Saved master retains an observed count, a same-setting crude per-1,000-hour rate and a compatible time-loss definition. Rounded-rate inversion is approximate only; no model eligibility."
689:incidence:training:main,S407,689,training,23,3.96,injuries per 1000 hours of exposure,true,5808.080808,approximate_exposure_sensitivity_only,"Saved master retains an observed count, a same-setting crude per-1,000-hour rate and a compatible time-loss definition. Rounded-rate inversion is approximate only; no model eligibility."
690:incidence:match:main,S407,690,match,12,80,injuries per 1000 hours of exposure,true,150,approximate_exposure_sensitivity_only,"Saved master retains an observed count, a same-setting crude per-1,000-hour rate and a compatible time-loss definition. Rounded-rate inversion is approximate only; no model eligibility."
690:incidence:training:main,S407,690,training,11,2.89,injuries per 1000 hours of exposure,true,3806.228374,approximate_exposure_sensitivity_only,"Saved master retains an observed count, a same-setting crude per-1,000-hour rate and a compatible time-loss definition. Rounded-rate inversion is approximate only; no model eligibility."
691:incidence:match:main,S407,691,match,11,32.32,injuries per 1000 hours of exposure,true,340.3465347,approximate_exposure_sensitivity_only,"Saved master retains an observed count, a same-setting crude per-1,000-hour rate and a compatible time-loss definition. Rounded-rate inversion is approximate only; no model eligibility."
691:incidence:training:main,S407,691,training,6,1.79,injuries per 1000 hours of exposure,true,3351.955307,approximate_exposure_sensitivity_only,"Saved master retains an observed count, a same-setting crude per-1,000-hour rate and a compatible time-loss definition. Rounded-rate inversion is approximate only; no model eligibility."
692:incidence:match:main,S407,692,match,13,29,injuries per 1000 hours of exposure,true,448.2758621,approximate_exposure_sensitivity_only,"Saved master retains an observed count, a same-setting crude per-1,000-hour rate and a compatible time-loss definition. Rounded-rate inversion is approximate only; no model eligibility."
692:incidence:training:main,S407,692,training,15,6,injuries per 1000 hours of exposure,true,2500,approximate_exposure_sensitivity_only,"Saved master retains an observed count, a same-setting crude per-1,000-hour rate and a compatible time-loss definition. Rounded-rate inversion is approximate only; no model eligibility."
694:incidence:overall:main,S409,694,overall,65,3.62,injuries per 1000 hours of exposure,true,17955.8011,approximate_exposure_sensitivity_only,"Saved master retains an observed count, a same-setting crude per-1,000-hour rate and a compatible time-loss definition. Rounded-rate inversion is approximate only; no model eligibility."
694:incidence:match:main,S409,694,match,36,14.09,injuries per 1000 hours of exposure,true,2555.003549,approximate_exposure_sensitivity_only,"Saved master retains an observed count, a same-setting crude per-1,000-hour rate and a compatible time-loss definition. Rounded-rate inversion is approximate only; no model eligibility."
694:incidence:training:main,S409,694,training,29,1.88,injuries per 1000 hours of exposure,true,15425.53191,approximate_exposure_sensitivity_only,"Saved master retains an observed count, a same-setting crude per-1,000-hour rate and a compatible time-loss definition. Rounded-rate inversion is approximate only; no model eligibility."
703:incidence:overall:main,S412,703,overall,78,7.46,injuries per 1000 hours of exposure,true,10455.76408,approximate_exposure_sensitivity_only,"Saved master retains an observed count, a same-setting crude per-1,000-hour rate and a compatible time-loss definition. Rounded-rate inversion is approximate only; no model eligibility."
703:incidence:match:main,S412,703,match,60,36.36,injuries per 1000 hours of exposure,true,1650.165017,approximate_exposure_sensitivity_only,"Saved master retains an observed count, a same-setting crude per-1,000-hour rate and a compatible time-loss definition. Rounded-rate inversion is approximate only; no model eligibility."
703:incidence:training:main,S412,703,training,18,2.05,injuries per 1000 hours of exposure,true,8780.487805,approximate_exposure_sensitivity_only,"Saved master retains an observed count, a same-setting crude per-1,000-hour rate and a compatible time-loss definition. Rounded-rate inversion is approximate only; no model eligibility."
708:incidence:overall:main,S417,708,overall,744,8.5,number of injuries per 1000 hours of competition and/or training,true,87529.41176,approximate_exposure_sensitivity_only,"S417 primary-source audit: IFR is injuries per 1,000 competition/training hours; observed count and reported crude IFR share the setting. Rounded-rate inversion is approximate only; no model eligibility."
708:incidence:match:main,S417,708,match,500,27.7,number of injuries per 1000 hours of competition and/or training,true,18050.54152,approximate_exposure_sensitivity_only,"S417 primary-source audit: IFR is injuries per 1,000 competition/training hours; observed count and reported crude IFR share the setting. Rounded-rate inversion is approximate only; no model eligibility."
708:incidence:training:main,S417,708,training,244,3.5,number of injuries per 1000 hours of competition and/or training,true,69714.28571,approximate_exposure_sensitivity_only,"S417 primary-source audit: IFR is injuries per 1,000 competition/training hours; observed count and reported crude IFR share the setting. Rounded-rate inversion is approximate only; no model eligibility."
709:incidence:match:main,S417,709,match,391,25.9,number of injuries per 1000 hours of competition and/or training,true,15096.5251,approximate_exposure_sensitivity_only,"S417 primary-source audit: IFR is injuries per 1,000 competition/training hours; observed count and reported crude IFR share the setting. Rounded-rate inversion is approximate only; no model eligibility."
709:incidence:training:main,S417,709,training,187,3.4,number of injuries per 1000 hours of competition and/or training,true,55000,approximate_exposure_sensitivity_only,"S417 primary-source audit: IFR is injuries per 1,000 competition/training hours; observed count and reported crude IFR share the setting. Rounded-rate inversion is approximate only; no model eligibility."
710:incidence:match:main,S417,710,match,109,37.2,number of injuries per 1000 hours of competition and/or training,true,2930.107527,approximate_exposure_sensitivity_only,"S417 primary-source audit: IFR is injuries per 1,000 competition/training hours; observed count and reported crude IFR share the setting. Rounded-rate inversion is approximate only; no model eligibility."
710:incidence:training:main,S417,710,training,57,4.1,number of injuries per 1000 hours of competition and/or training,true,13902.43902,approximate_exposure_sensitivity_only,"S417 primary-source audit: IFR is injuries per 1,000 competition/training hours; observed count and reported crude IFR share the setting. Rounded-rate inversion is approximate only; no model eligibility."
733:incidence:match:main,S426,733,match,14,2.2,Overall occurrence reported as percentage of injured players; match and training incidence reported per 1000 hours.,false,,not_supported,compatible_exposure_unit
733:incidence:training:main,S426,733,training,12,0.38,Overall occurrence reported as percentage of injured players; match and training incidence reported per 1000 hours.,false,,not_supported,compatible_exposure_unit
744:incidence:overall:main,S431,744,overall,31,1.12,Hamstring injuries per 1000 soccer hours.,true,27678.57143,approximate_exposure_sensitivity_only,"Saved master retains an observed count, a same-setting crude per-1,000-hour rate and a compatible time-loss definition. Rounded-rate inversion is approximate only; no model eligibility."
745:incidence:overall:main,S431,745,overall,26,1.39,Hamstring injuries per 1000 soccer hours.,true,18705.03597,approximate_exposure_sensitivity_only,"Saved master retains an observed count, a same-setting crude per-1,000-hour rate and a compatible time-loss definition. Rounded-rate inversion is approximate only; no model eligibility."
751:incidence:overall:main,S440,751,overall,198,0.058,ACL injuries per 1000 hours football exposure,true,3413793.103,approximate_exposure_sensitivity_only,"Saved master retains an observed count, a same-setting crude per-1,000-hour rate and a compatible time-loss definition. Rounded-rate inversion is approximate only; no model eligibility."
752:incidence:overall:main,S440,752,overall,277,0.043,ACL injuries per 1000 hours football exposure,true,6441860.465,approximate_exposure_sensitivity_only,"Saved master retains an observed count, a same-setting crude per-1,000-hour rate and a compatible time-loss definition. Rounded-rate inversion is approximate only; no model eligibility."
753:incidence:overall:main,S440,753,overall,483,0.074,ACL injuries per 1000 hours football exposure,true,6527027.027,approximate_exposure_sensitivity_only,"Saved master retains an observed count, a same-setting crude per-1,000-hour rate and a compatible time-loss definition. Rounded-rate inversion is approximate only; no model eligibility."
754:incidence:overall:main,S441,754,overall,209,4,injuries per 1000 hours soccer time per player,true,52250,approximate_exposure_sensitivity_only,"Saved master retains an observed count, a same-setting crude per-1,000-hour rate and a compatible time-loss definition. Rounded-rate inversion is approximate only; no model eligibility."
754:incidence:match:main,S441,754,match,99,5.6,injuries per 1000 hours soccer time per player,true,17678.57143,approximate_exposure_sensitivity_only,"Saved master retains an observed count, a same-setting crude per-1,000-hour rate and a compatible time-loss definition. Rounded-rate inversion is approximate only; no model eligibility."
754:incidence:training:main,S441,754,training,110,3.3,injuries per 1000 hours soccer time per player,true,33333.33333,approximate_exposure_sensitivity_only,"Saved master retains an observed count, a same-setting crude per-1,000-hour rate and a compatible time-loss definition. Rounded-rate inversion is approximate only; no model eligibility."
818:incidence:overall:main,S471,818,overall,41,8.3,per 1000 hours,true,4939.759036,approximate_exposure_sensitivity_only,"Saved master retains an observed count, a same-setting crude per-1,000-hour rate and a compatible time-loss definition. Rounded-rate inversion is approximate only; no model eligibility."
821:incidence:overall:main,S475,821,overall,15,2.31,per 1000 hours,false,,not_supported,compatible_exposure_unit
821:incidence:match:main,S475,821,match,2,3.28,per 1000 hours,false,,not_supported,compatible_exposure_unit
821:incidence:training:main,S475,821,training,5,0.85,per 1000 hours,false,,not_supported,compatible_exposure_unit
822:incidence:overall:main,S475,822,overall,9,1.33,per 1000 hours,false,,not_supported,compatible_exposure_unit
822:incidence:match:main,S475,822,match,1,1.55,per 1000 hours,false,,not_supported,compatible_exposure_unit
822:incidence:training:main,S475,822,training,1,0.16,per 1000 hours,false,,not_supported,compatible_exposure_unit
826:incidence:match:main,S477,826,match,11,19,muscle injuries per 1000 hours of match exposure,true,578.9473684,approximate_exposure_sensitivity_only,"Saved master retains an observed count, a same-setting crude per-1,000-hour rate and a compatible time-loss definition. Rounded-rate inversion is approximate only; no model eligibility."
858:incidence:overall:main,S482,858,overall,29,12.5,all injuries per 1000 hours of football; monitored non-contact injuries during congested windows,true,2320,approximate_exposure_sensitivity_only,"Saved master retains an observed count, a same-setting crude per-1,000-hour rate and a compatible time-loss definition. Rounded-rate inversion is approximate only; no model eligibility."
858:incidence:match:main,S482,858,match,29,30.4,all injuries per 1000 hours of football; monitored non-contact injuries during congested windows,true,953.9473684,approximate_exposure_sensitivity_only,"Saved master retains an observed count, a same-setting crude per-1,000-hour rate and a compatible time-loss definition. Rounded-rate inversion is approximate only; no model eligibility."
907:incidence:overall:main,S505,907,overall,114,6.6,per 1000 hours,false,,not_supported,compatible_exposure_unit
907:incidence:match:main,S505,907,match,52,31.1,per 1000 hours,false,,not_supported,compatible_exposure_unit
907:incidence:training:main,S505,907,training,62,3.9,per 1000 hours,false,,not_supported,compatible_exposure_unit
923:incidence:overall:main,S515,923,overall,56,0.342,ankle injuries per 1000 hours of exposure,true,163742.6901,approximate_exposure_sensitivity_only,"Saved master retains an observed count, a same-setting crude per-1,000-hour rate and a compatible time-loss definition. Rounded-rate inversion is approximate only; no model eligibility."
923:incidence:match:main,S515,923,match,26,0.862,ankle injuries per 1000 hours of exposure,true,30162.41299,approximate_exposure_sensitivity_only,"Saved master retains an observed count, a same-setting crude per-1,000-hour rate and a compatible time-loss definition. Rounded-rate inversion is approximate only; no model eligibility."
923:incidence:training:main,S515,923,training,30,0.077,ankle injuries per 1000 hours of exposure,true,389610.3896,approximate_exposure_sensitivity_only,"Saved master retains an observed count, a same-setting crude per-1,000-hour rate and a compatible time-loss definition. Rounded-rate inversion is approximate only; no model eligibility."
924:incidence:overall:main,S5158,924,overall,16,0.18,concussions per 1000 player-hours,true,88888.88889,approximate_exposure_sensitivity_only,"Saved master retains an observed count, a same-setting crude per-1,000-hour rate and a compatible time-loss definition. Rounded-rate inversion is approximate only; no model eligibility."
924:incidence:match:main,S5158,924,match,12,0.91,concussions per 1000 player-hours,true,13186.81319,approximate_exposure_sensitivity_only,"Saved master retains an observed count, a same-setting crude per-1,000-hour rate and a compatible time-loss definition. Rounded-rate inversion is approximate only; no model eligibility."
924:incidence:training:main,S5158,924,training,4,0.05,concussions per 1000 player-hours,true,80000,approximate_exposure_sensitivity_only,"Saved master retains an observed count, a same-setting crude per-1,000-hour rate and a compatible time-loss definition. Rounded-rate inversion is approximate only; no model eligibility."
925:incidence:overall:main,S5158,925,overall,40,0.44,concussions per 1000 player-hours,true,90909.09091,approximate_exposure_sensitivity_only,"Saved master retains an observed count, a same-setting crude per-1,000-hour rate and a compatible time-loss definition. Rounded-rate inversion is approximate only; no model eligibility."
925:incidence:match:main,S5158,925,match,15,1.63,concussions per 1000 player-hours,true,9202.453988,approximate_exposure_sensitivity_only,"Saved master retains an observed count, a same-setting crude per-1,000-hour rate and a compatible time-loss definition. Rounded-rate inversion is approximate only; no model eligibility."
925:incidence:training:main,S5158,925,training,25,0.31,concussions per 1000 player-hours,true,80645.16129,approximate_exposure_sensitivity_only,"Saved master retains an observed count, a same-setting crude per-1,000-hour rate and a compatible time-loss definition. Rounded-rate inversion is approximate only; no model eligibility."
926:incidence:overall:main,S5158,926,overall,188,0.17,concussions per 1000 player-hours,true,1105882.353,approximate_exposure_sensitivity_only,"Saved master retains an observed count, a same-setting crude per-1,000-hour rate and a compatible time-loss definition. Rounded-rate inversion is approximate only; no model eligibility."
926:incidence:match:main,S5158,926,match,146,0.85,concussions per 1000 player-hours,true,171764.7059,approximate_exposure_sensitivity_only,"Saved master retains an observed count, a same-setting crude per-1,000-hour rate and a compatible time-loss definition. Rounded-rate inversion is approximate only; no model eligibility."
926:incidence:training:main,S5158,926,training,42,0.04,concussions per 1000 player-hours,true,1050000,approximate_exposure_sensitivity_only,"Saved master retains an observed count, a same-setting crude per-1,000-hour rate and a compatible time-loss definition. Rounded-rate inversion is approximate only; no model eligibility."
927:incidence:overall:main,S5158,927,overall,83,0.46,concussions per 1000 player-hours,true,180434.7826,approximate_exposure_sensitivity_only,"Saved master retains an observed count, a same-setting crude per-1,000-hour rate and a compatible time-loss definition. Rounded-rate inversion is approximate only; no model eligibility."
927:incidence:match:main,S5158,927,match,48,1.55,concussions per 1000 player-hours,true,30967.74194,approximate_exposure_sensitivity_only,"Saved master retains an observed count, a same-setting crude per-1,000-hour rate and a compatible time-loss definition. Rounded-rate inversion is approximate only; no model eligibility."
927:incidence:training:main,S5158,927,training,35,0.1,concussions per 1000 player-hours,true,350000,approximate_exposure_sensitivity_only,"Saved master retains an observed count, a same-setting crude per-1,000-hour rate and a compatible time-loss definition. Rounded-rate inversion is approximate only; no model eligibility."
928:incidence:overall:main,S516,928,overall,903,4.72,injuries per 1000 hours of exposure,true,191313.5593,approximate_exposure_sensitivity_only,"Saved master retains an observed count, a same-setting crude per-1,000-hour rate and a compatible time-loss definition. Rounded-rate inversion is approximate only; no model eligibility."
966:incidence:overall:main,S5323,966,overall,127,4.8,non-contact lower-extremity injuries per 1000 player-hours,true,26458.33333,approximate_exposure_sensitivity_only,"Saved master retains an observed count, a same-setting crude per-1,000-hour rate and a compatible time-loss definition. Rounded-rate inversion is approximate only; no model eligibility."
1012:incidence:overall:main,S567,1012,overall,3836,7.4,injuries per 1000 hours exposure,false,,not_supported,compatible_exposure_unit
1016:incidence:overall:main,S578,1016,overall,12,8.5,injuries per 1000 training hours,false,,not_supported,compatible_exposure_unit; setting_matches_rate_definition
1018:incidence:overall:main,S584,1018,overall,52,5,injuries/1000 hours of football,false,,not_supported,explicit_crude_definition
1019:incidence:overall:main,S584,1019,overall,115,8.9,injuries/1000 hours of football,false,,not_supported,explicit_crude_definition
1038:incidence:overall:main,S598,1038,overall,229,9.6,per 1000 football-hours,true,23854.16667,approximate_exposure_sensitivity_only,"Saved master retains an observed count, a same-setting crude per-1,000-hour rate and a compatible time-loss definition. Rounded-rate inversion is approximate only; no model eligibility."
1039:incidence:overall:main,S598,1039,overall,144,13,per 1000 football-hours,true,11076.92308,approximate_exposure_sensitivity_only,"Saved master retains an observed count, a same-setting crude per-1,000-hour rate and a compatible time-loss definition. Rounded-rate inversion is approximate only; no model eligibility."
1040:incidence:overall:main,S598,1040,overall,85,6.3,per 1000 football-hours,true,13492.06349,approximate_exposure_sensitivity_only,"Saved master retains an observed count, a same-setting crude per-1,000-hour rate and a compatible time-loss definition. Rounded-rate inversion is approximate only; no model eligibility."
1074:incidence:overall:main,S624,1074,overall,52,3.74,per 1000 hours,true,13903.74332,approximate_exposure_sensitivity_only,"Saved master retains an observed count, a same-setting crude per-1,000-hour rate and a compatible time-loss definition. Rounded-rate inversion is approximate only; no model eligibility."
1082:incidence:overall:main,S631,1082,overall,35,5.8,per 1000 hours exposure,true,6034.482759,approximate_exposure_sensitivity_only,"Saved master retains an observed count, a same-setting crude per-1,000-hour rate and a compatible time-loss definition. Rounded-rate inversion is approximate only; no model eligibility."
1082:incidence:match:main,S631,1082,match,7,17,per 1000 hours exposure,true,411.7647059,approximate_exposure_sensitivity_only,"Saved master retains an observed count, a same-setting crude per-1,000-hour rate and a compatible time-loss definition. Rounded-rate inversion is approximate only; no model eligibility."
1082:incidence:training:main,S631,1082,training,28,4,per 1000 hours exposure,true,7000,approximate_exposure_sensitivity_only,"Saved master retains an observed count, a same-setting crude per-1,000-hour rate and a compatible time-loss definition. Rounded-rate inversion is approximate only; no model eligibility."
1083:incidence:overall:main,S634,1083,overall,125,2.7,per 1000 hours of exposure,true,46296.2963,approximate_exposure_sensitivity_only,"Saved master retains an observed count, a same-setting crude per-1,000-hour rate and a compatible time-loss definition. Rounded-rate inversion is approximate only; no model eligibility."
1083:incidence:match:main,S634,1083,match,32,5,per 1000 hours of exposure,true,6400,approximate_exposure_sensitivity_only,"Saved master retains an observed count, a same-setting crude per-1,000-hour rate and a compatible time-loss definition. Rounded-rate inversion is approximate only; no model eligibility."
1083:incidence:training:main,S634,1083,training,93,2.3,per 1000 hours of exposure,true,40434.78261,approximate_exposure_sensitivity_only,"Saved master retains an observed count, a same-setting crude per-1,000-hour rate and a compatible time-loss definition. Rounded-rate inversion is approximate only; no model eligibility."
1091:incidence:match:main,S635,1091,match,112,1.4,per 1000 hours of match play or training,true,80000,approximate_exposure_sensitivity_only,"Saved master retains an observed count, a same-setting crude per-1,000-hour rate and a compatible time-loss definition. Rounded-rate inversion is approximate only; no model eligibility."
1091:incidence:training:main,S635,1091,training,95,0.2,per 1000 hours of match play or training,true,475000,approximate_exposure_sensitivity_only,"Saved master retains an observed count, a same-setting crude per-1,000-hour rate and a compatible time-loss definition. Rounded-rate inversion is approximate only; no model eligibility."
1124:incidence:overall:main,S649,1124,overall,21,12,per 1000 athlete-hours during matches,false,,not_supported,setting_matches_rate_definition
1125:incidence:overall:main,S650,1125,overall,170,128.1,per 1000 hours of match play,false,,not_supported,setting_matches_rate_definition
1140:incidence:overall:main,S660,1140,overall,58,30.1,per 1000 match hours,false,,not_supported,compatible_exposure_unit; setting_matches_rate_definition
1141:incidence:overall:main,S660,1141,overall,16,30.3,per 1000 match hours,false,,not_supported,compatible_exposure_unit; setting_matches_rate_definition
1142:incidence:overall:main,S660,1142,overall,22,16.7,per 1000 match hours,false,,not_supported,compatible_exposure_unit; setting_matches_rate_definition
1143:incidence:overall:main,S660,1143,overall,38,20.2,per 1000 match hours,false,,not_supported,compatible_exposure_unit; setting_matches_rate_definition
1152:incidence:overall:main,S755,1152,overall,19,2.45,per 1000 player-hours,true,7755.102041,approximate_exposure_sensitivity_only,"Saved master retains an observed count, a same-setting crude per-1,000-hour rate and a compatible time-loss definition. Rounded-rate inversion is approximate only; no model eligibility."
1153:incidence:overall:main,S755,1153,overall,26,1.93,per 1000 player-hours,true,13471.50259,approximate_exposure_sensitivity_only,"Saved master retains an observed count, a same-setting crude per-1,000-hour rate and a compatible time-loss definition. Rounded-rate inversion is approximate only; no model eligibility."
1167:incidence:overall:main,S892,1167,overall,15,8.86,per 1000 hours of practice (training and matches),true,1693.002257,approximate_exposure_sensitivity_only,"Saved master retains an observed count, a same-setting crude per-1,000-hour rate and a compatible time-loss definition. Rounded-rate inversion is approximate only; no model eligibility."
1174:incidence:match:main,UEFA-ECIS-MASTER,1174,match,6758,23.8,injuries per 1000 player-hours,true,283949.5798,approximate_exposure_sensitivity_only,"Saved master retains an observed count, a same-setting crude per-1,000-hour rate and a compatible time-loss definition. Rounded-rate inversion is approximate only; no model eligibility."
1174:incidence:training:main,UEFA-ECIS-MASTER,1174,training,5035,3.4,injuries per 1000 player-hours,true,1480882.353,approximate_exposure_sensitivity_only,"Saved master retains an observed count, a same-setting crude per-1,000-hour rate and a compatible time-loss definition. Rounded-rate inversion is approximate only; no model eligibility."
