analysis_route,metric,setting,outcome_scope,discipline,observations,papers,source_rows
descriptive_only,burden,match,injuryLocation_abdomen,Football,1,1,1
descriptive_only,burden,match,injuryLocation_ankle,Football,1,1,1
descriptive_only,burden,match,injuryLocation_foot,Football,1,1,1
descriptive_only,burden,match,injuryLocation_hand,Football,1,1,1
descriptive_only,burden,match,injuryLocation_head,Football,1,1,1
descriptive_only,burden,match,injuryLocation_hip,Football,1,1,1
descriptive_only,burden,match,injuryLocation_knee,Football,1,1,1
descriptive_only,burden,match,injuryLocation_lower_leg,Football,1,1,1
descriptive_only,burden,match,injuryLocation_lumbosacral,Football,1,1,1
descriptive_only,burden,match,injuryLocation_neck,Football,1,1,1
descriptive_only,burden,match,injuryLocation_shoulder,Football,1,1,1
descriptive_only,burden,match,injuryLocation_thigh,Football,1,1,1
descriptive_only,burden,match,injuryLocation_upper_arm,Football,1,1,1
descriptive_only,burden,match,injuryTissueType_bone_fracture,Football,1,1,1
descriptive_only,burden,match,injuryTissueType_cartilage_injury,Football,1,1,1
descriptive_only,burden,match,injuryTissueType_concussion,Football,1,1,1
descriptive_only,burden,match,injuryTissueType_ligament_joint_capsule,Football,1,1,1
descriptive_only,burden,match,injuryTissueType_muscle_injury,Football,1,1,1
descriptive_only,burden,match,injuryTissueType_superficial_contusion,Football,1,1,1
descriptive_only,burden,match,injuryTissueType_tendon_injury,Football,1,1,1
descriptive_only,burden,overall,all_injuries,Football,17,6,17
descriptive_only,burden,overall,groin,Football,1,1,1
descriptive_only,burden,overall,injuryLocation_abdomen,Football,4,4,4
descriptive_only,burden,overall,injuryLocation_ankle,Football,11,11,11
descriptive_only,burden,overall,injuryLocation_chest,Football,1,1,1
descriptive_only,burden,overall,injuryLocation_elbow,Football,1,1,1
descriptive_only,burden,overall,injuryLocation_foot,Football,11,11,11
descriptive_only,burden,overall,injuryLocation_forearm,Football,1,1,1
descriptive_only,burden,overall,injuryLocation_groin,Football,4,4,4
descriptive_only,burden,overall,injuryLocation_hand,Football,7,7,7
descriptive_only,burden,overall,injuryLocation_head,Football,8,8,8
descriptive_only,burden,overall,injuryLocation_head_neck_overall,Football,3,3,3
descriptive_only,burden,overall,injuryLocation_hip,Football,4,4,4
descriptive_only,burden,overall,injuryLocation_knee,Football,11,11,11
descriptive_only,burden,overall,injuryLocation_lower_leg,Football,11,11,11
descriptive_only,burden,overall,injuryLocation_lower_limb_overall,Football,3,3,3
descriptive_only,burden,overall,injuryLocation_lumbosacral,Football,7,7,7
descriptive_only,burden,overall,injuryLocation_neck,Football,4,4,4
descriptive_only,burden,overall,injuryLocation_position_attacker,Football,1,1,1
descriptive_only,burden,overall,injuryLocation_position_defender,Football,1,1,1
descriptive_only,burden,overall,injuryLocation_position_goalkeeper,Football,1,1,1
descriptive_only,burden,overall,injuryLocation_position_midfielder,Football,1,1,1
descriptive_only,burden,overall,injuryLocation_shoulder,Football,10,10,10
descriptive_only,burden,overall,injuryLocation_side_left,Football,1,1,1
descriptive_only,burden,overall,injuryLocation_side_right,Football,1,1,1
descriptive_only,burden,overall,injuryLocation_thigh,Football,11,11,11
descriptive_only,burden,overall,injuryLocation_trunk_overall,Football,4,4,4
descriptive_only,burden,overall,injuryLocation_upper_arm,Football,2,2,2
descriptive_only,burden,overall,injuryLocation_upper_limb_overall,Football,4,4,4
descriptive_only,burden,overall,injuryLocation_wrist,Football,3,3,3
descriptive_only,burden,overall,injuryTissueType_abrasion,Football,1,1,1
descriptive_only,burden,overall,injuryTissueType_bone,Football,4,4,4
descriptive_only,burden,overall,injuryTissueType_bone_fracture,Football,6,6,6
descriptive_only,burden,overall,injuryTissueType_bone_stress,Football,1,1,1
descriptive_only,burden,overall,injuryTissueType_cartilage_injury,Football,6,6,6
descriptive_only,burden,overall,injuryTissueType_cartilage_synovium_bursa,Football,3,3,3
descriptive_only,burden,overall,injuryTissueType_concussion,Football,6,6,6
descriptive_only,burden,overall,injuryTissueType_injury_diagnosis,Football,5,4,5
descriptive_only,burden,overall,injuryTissueType_joint_sprain,Football,3,3,3
descriptive_only,burden,overall,injuryTissueType_laceration,Football,1,1,1
descriptive_only,burden,overall,injuryTissueType_ligament_joint_capsule,Football,6,6,6
descriptive_only,burden,overall,injuryTissueType_muscle_contusion,Football,2,2,2
descriptive_only,burden,overall,injuryTissueType_muscle_injury,Football,8,8,8
descriptive_only,burden,overall,injuryTissueType_muscle_tendon,Football,5,5,5
descriptive_only,burden,overall,injuryTissueType_nervous,Football,3,3,3
descriptive_only,burden,overall,injuryTissueType_non_specific_tissue,Football,2,2,2
descriptive_only,burden,overall,injuryTissueType_superficial_contusion,Football,3,3,3
descriptive_only,burden,overall,injuryTissueType_superficial_tissues_skin,Football,3,3,3
descriptive_only,burden,overall,injuryTissueType_tendinopathy,Football,3,3,3
descriptive_only,burden,overall,injuryTissueType_tendon_injury,Football,1,1,1
descriptive_only,burden,overall,lower_limb,Football,1,1,1
descriptive_only,burden,overall,restricted_groin_injury,Football,4,2,3
descriptive_only,burden,overall,restricted_hamstring_strain_and_groin_injuries,Football,2,1,2
descriptive_only,burden,overall,restricted_hamstring_strain_injury,Football,2,1,2
descriptive_only,burden,overall,restricted_lower_limb,Football,2,1,2
descriptive_only,burden,overall,restricted_muscle,Football,12,1,4
descriptive_only,burden,training,injuryLocation_abdomen,Football,1,1,1
descriptive_only,burden,training,injuryLocation_ankle,Football,1,1,1
descriptive_only,burden,training,injuryLocation_foot,Football,1,1,1
descriptive_only,burden,training,injuryLocation_hand,Football,1,1,1
descriptive_only,burden,training,injuryLocation_head,Football,1,1,1
descriptive_only,burden,training,injuryLocation_hip,Football,1,1,1
descriptive_only,burden,training,injuryLocation_knee,Football,1,1,1
descriptive_only,burden,training,injuryLocation_lower_leg,Football,1,1,1
descriptive_only,burden,training,injuryLocation_lumbosacral,Football,1,1,1
descriptive_only,burden,training,injuryLocation_neck,Football,1,1,1
descriptive_only,burden,training,injuryLocation_shoulder,Football,1,1,1
descriptive_only,burden,training,injuryLocation_thigh,Football,1,1,1
descriptive_only,burden,training,injuryLocation_upper_arm,Football,1,1,1
descriptive_only,burden,training,injuryTissueType_bone_fracture,Football,1,1,1
descriptive_only,burden,training,injuryTissueType_cartilage_injury,Football,1,1,1
descriptive_only,burden,training,injuryTissueType_concussion,Football,1,1,1
descriptive_only,burden,training,injuryTissueType_ligament_joint_capsule,Football,1,1,1
descriptive_only,burden,training,injuryTissueType_muscle_injury,Football,1,1,1
descriptive_only,burden,training,injuryTissueType_superficial_contusion,Football,1,1,1
descriptive_only,burden,training,injuryTissueType_tendon_injury,Football,1,1,1
descriptive_only,incidence,match,ACL,Football,5,2,5
descriptive_only,incidence,match,all_injuries,Football,62,34,62
descriptive_only,incidence,match,all_injuries,Futsal,2,2,2
descriptive_only,incidence,match,ankle,Football,4,1,4
descriptive_only,incidence,match,hamstring,Football,2,1,2
descriptive_only,incidence,match,injuryLocation_abdomen,Football,1,1,1
descriptive_only,incidence,match,injuryLocation_ankle,Football,2,2,2
descriptive_only,incidence,match,injuryLocation_elbow,Football,1,1,1
descriptive_only,incidence,match,injuryLocation_foot,Football,2,2,2
descriptive_only,incidence,match,injuryLocation_forearm,Football,1,1,1
descriptive_only,incidence,match,injuryLocation_groin,Football,1,1,1
descriptive_only,incidence,match,injuryLocation_hand,Football,2,2,2
descriptive_only,incidence,match,injuryLocation_head,Football,2,2,2
descriptive_only,incidence,match,injuryLocation_head_neck_overall,Football,1,1,1
descriptive_only,incidence,match,injuryLocation_hip,Football,2,2,2
descriptive_only,incidence,match,injuryLocation_knee,Football,2,2,2
descriptive_only,incidence,match,injuryLocation_lower_leg,Football,2,2,2
descriptive_only,incidence,match,injuryLocation_lower_limb_overall,Football,1,1,1
descriptive_only,incidence,match,injuryLocation_lumbosacral,Football,2,2,2
descriptive_only,incidence,match,injuryLocation_neck,Football,2,2,2
descriptive_only,incidence,match,injuryLocation_shoulder,Football,2,2,2
descriptive_only,incidence,match,injuryLocation_thigh,Football,2,2,2
descriptive_only,incidence,match,injuryLocation_thoracic_spine,Football,1,1,1
descriptive_only,incidence,match,injuryLocation_trunk_overall,Football,1,1,1
descriptive_only,incidence,match,injuryLocation_upper_arm,Football,1,1,1
descriptive_only,incidence,match,injuryLocation_upper_limb_overall,Football,1,1,1
descriptive_only,incidence,match,injuryLocation_wrist,Football,1,1,1
descriptive_only,incidence,match,injuryTissueType_bone_fracture,Football,2,2,2
descriptive_only,incidence,match,injuryTissueType_cartilage_injury,Football,1,1,1
descriptive_only,incidence,match,injuryTissueType_concussion,Football,2,2,2
descriptive_only,incidence,match,injuryTissueType_laceration,Football,1,1,1
descriptive_only,incidence,match,injuryTissueType_ligament_joint_capsule,Football,2,2,2
descriptive_only,incidence,match,injuryTissueType_muscle_injury,Football,2,2,2
descriptive_only,incidence,match,injuryTissueType_nervous,Football,1,1,1
descriptive_only,incidence,match,injuryTissueType_non_specific_tissue,Football,1,1,1
descriptive_only,incidence,match,injuryTissueType_superficial_contusion,Football,2,2,2
descriptive_only,incidence,match,injuryTissueType_tendon_injury,Football,2,2,2
descriptive_only,incidence,match,knee,Football,1,1,1
descriptive_only,incidence,match,muscle,Football,1,1,1
descriptive_only,incidence,match,non_contact,Football,2,2,2
descriptive_only,incidence,match,restricted_complete_ACL_rupture_confirmed_by_MRI,Football,1,1,1
descriptive_only,incidence,match,restricted_hamstring_strain_and_groin_injuries,Football,2,1,2
descriptive_only,incidence,overall,all_injuries,Football,45,16,45
descriptive_only,incidence,overall,injuryLocation_abdomen,Football,6,6,6
descriptive_only,incidence,overall,injuryLocation_ankle,Football,53,34,53
descriptive_only,incidence,overall,injuryLocation_ankle,Futsal,2,2,2
descriptive_only,incidence,overall,injuryLocation_chest,Football,1,1,1
descriptive_only,incidence,overall,injuryLocation_elbow,Football,2,2,2
descriptive_only,incidence,overall,injuryLocation_foot,Football,37,27,37
descriptive_only,incidence,overall,injuryLocation_foot,Futsal,1,1,1
descriptive_only,incidence,overall,injuryLocation_forearm,Football,1,1,1
descriptive_only,incidence,overall,injuryLocation_groin,Football,24,17,24
descriptive_only,incidence,overall,injuryLocation_groin,Futsal,2,2,2
descriptive_only,incidence,overall,injuryLocation_hand,Football,8,8,8
descriptive_only,incidence,overall,injuryLocation_hand,Futsal,1,1,1
descriptive_only,incidence,overall,injuryLocation_head,Football,19,15,19
descriptive_only,incidence,overall,injuryLocation_head_neck_overall,Football,12,8,12
descriptive_only,incidence,overall,injuryLocation_hip,Football,16,13,16
descriptive_only,incidence,overall,injuryLocation_knee,Football,53,36,53
descriptive_only,incidence,overall,injuryLocation_knee,Futsal,2,2,2
descriptive_only,incidence,overall,injuryLocation_lower_leg,Football,44,32,44
descriptive_only,incidence,overall,injuryLocation_lower_leg,Futsal,2,2,2
descriptive_only,incidence,overall,injuryLocation_lower_limb_overall,Football,17,9,17
descriptive_only,incidence,overall,injuryLocation_lower_limb_overall,Futsal,2,2,2
descriptive_only,incidence,overall,injuryLocation_lumbosacral,Football,19,14,19
descriptive_only,incidence,overall,injuryLocation_lumbosacral,Futsal,2,2,2
descriptive_only,incidence,overall,injuryLocation_multiple,Football,1,1,1
descriptive_only,incidence,overall,injuryLocation_neck,Football,9,7,9
descriptive_only,incidence,overall,injuryLocation_position_attacker,Football,11,6,11
descriptive_only,incidence,overall,injuryLocation_position_defender,Football,6,5,6
descriptive_only,incidence,overall,injuryLocation_position_goalkeeper,Football,11,6,11
descriptive_only,incidence,overall,injuryLocation_position_midfielder,Football,6,5,6
descriptive_only,incidence,overall,injuryLocation_shoulder,Football,14,14,14
descriptive_only,incidence,overall,injuryLocation_shoulder,Futsal,1,1,1
descriptive_only,incidence,overall,injuryLocation_side_left,Football,1,1,1
descriptive_only,incidence,overall,injuryLocation_side_right,Football,1,1,1
descriptive_only,incidence,overall,injuryLocation_thigh,Football,50,34,50
descriptive_only,incidence,overall,injuryLocation_thigh,Futsal,2,2,2
descriptive_only,incidence,overall,injuryLocation_thoracic_spine,Football,1,1,1
descriptive_only,incidence,overall,injuryLocation_trunk_overall,Football,13,7,13
descriptive_only,incidence,overall,injuryLocation_trunk_overall,Futsal,1,1,1
descriptive_only,incidence,overall,injuryLocation_upper_arm,Football,2,2,2
descriptive_only,incidence,overall,injuryLocation_upper_limb_overall,Football,22,14,22
descriptive_only,incidence,overall,injuryLocation_upper_limb_overall,Futsal,2,2,2
descriptive_only,incidence,overall,injuryLocation_wrist,Football,4,4,4
descriptive_only,incidence,overall,injuryTissueType_abrasion,Football,3,2,3
descriptive_only,incidence,overall,injuryTissueType_bone,Football,19,12,19
descriptive_only,incidence,overall,injuryTissueType_bone,Futsal,2,2,2
descriptive_only,incidence,overall,injuryTissueType_bone_fracture,Football,23,20,23
descriptive_only,incidence,overall,injuryTissueType_bone_fracture,Futsal,2,2,2
descriptive_only,incidence,overall,injuryTissueType_bone_stress,Football,2,2,2
descriptive_only,incidence,overall,injuryTissueType_brain_spinal,Football,1,1,1
descriptive_only,incidence,overall,injuryTissueType_bursitis,Football,1,1,1
descriptive_only,incidence,overall,injuryTissueType_cartilage_injury,Football,6,6,6
descriptive_only,incidence,overall,injuryTissueType_cartilage_injury,Futsal,1,1,1
descriptive_only,incidence,overall,injuryTissueType_cartilage_synovium_bursa,Football,8,6,8
descriptive_only,incidence,overall,injuryTissueType_concussion,Football,23,18,23
descriptive_only,incidence,overall,injuryTissueType_injury_diagnosis,Football,24,15,24
descriptive_only,incidence,overall,injuryTissueType_joint_sprain,Football,20,14,20
descriptive_only,incidence,overall,injuryTissueType_joint_sprain,Futsal,2,2,2
descriptive_only,incidence,overall,injuryTissueType_laceration,Football,7,5,7
descriptive_only,incidence,overall,injuryTissueType_ligament_joint_capsule,Football,33,22,33
descriptive_only,incidence,overall,injuryTissueType_ligament_joint_capsule,Futsal,1,1,1
descriptive_only,incidence,overall,injuryTissueType_muscle_contusion,Football,2,2,2
descriptive_only,incidence,overall,injuryTissueType_muscle_injury,Football,44,32,44
descriptive_only,incidence,overall,injuryTissueType_muscle_injury,Futsal,2,2,2
descriptive_only,incidence,overall,injuryTissueType_muscle_tendon,Football,27,15,27
descriptive_only,incidence,overall,injuryTissueType_muscle_tendon,Futsal,1,1,1
descriptive_only,incidence,overall,injuryTissueType_nervous,Football,10,8,10
descriptive_only,incidence,overall,injuryTissueType_non_specific_tissue,Football,22,11,22
descriptive_only,incidence,overall,injuryTissueType_non_specific_tissue,Futsal,1,1,1
descriptive_only,incidence,overall,injuryTissueType_physis,Football,1,1,1
descriptive_only,incidence,overall,injuryTissueType_superficial_contusion,Football,31,20,31
descriptive_only,incidence,overall,injuryTissueType_superficial_contusion,Futsal,1,1,1
descriptive_only,incidence,overall,injuryTissueType_superficial_tissues_skin,Football,10,8,10
descriptive_only,incidence,overall,injuryTissueType_tendinopathy,Football,15,11,15
descriptive_only,incidence,overall,injuryTissueType_tendinopathy,Futsal,1,1,1
descriptive_only,incidence,overall,injuryTissueType_tendon_injury,Football,2,2,2
descriptive_only,incidence,overall,injuryTissueType_tendon_rupture,Football,1,1,1
descriptive_only,incidence,overall,injuryTissueType_tendon_rupture,Futsal,1,1,1
descriptive_only,incidence,overall,lower_limb,Football,1,1,1
descriptive_only,incidence,overall,muscle,Football,1,1,1
descriptive_only,incidence,overall,restricted_acute_muscle_strain,Football,5,1,1
descriptive_only,incidence,overall,restricted_ankle,Football,7,1,1
descriptive_only,incidence,overall,restricted_groin_injury,Football,2,1,2
descriptive_only,incidence,overall,restricted_hamstring_muscle_injury,Football,1,1,1
descriptive_only,incidence,overall,restricted_hamstring_strain_injury,Football,2,1,2
descriptive_only,incidence,overall,restricted_head_and_neck_injury,Football,2,1,1
descriptive_only,incidence,overall,restricted_lower_limb,Football,10,2,3
descriptive_only,incidence,overall,restricted_muscle,Football,16,2,5
descriptive_only,incidence,overall,restricted_non_contact_hamstring_injury,Football,1,1,1
descriptive_only,incidence,overall,restricted_non_contact_hamstring_injury_during_official_match,Football,2,1,1
descriptive_only,incidence,overall,restricted_non_contact_lower_limb_injury,Football,5,1,1
descriptive_only,incidence,overall,restricted_non_contact_lower_limb_muscle_injury,Football,12,1,12
descriptive_only,incidence,overall,restricted_shoulder_injury,Football,8,1,1
descriptive_only,incidence,overall,restricted_upper_limb_injuries_among_goalkeepers,Football,8,1,2
descriptive_only,incidence,training,ACL,Football,3,1,3
descriptive_only,incidence,training,all_injuries,Football,62,35,62
descriptive_only,incidence,training,all_injuries,Futsal,2,2,2
descriptive_only,incidence,training,ankle,Football,4,1,4
descriptive_only,incidence,training,hamstring,Football,2,1,2
descriptive_only,incidence,training,injuryLocation_abdomen,Football,1,1,1
descriptive_only,incidence,training,injuryLocation_ankle,Football,2,2,2
descriptive_only,incidence,training,injuryLocation_elbow,Football,1,1,1
descriptive_only,incidence,training,injuryLocation_foot,Football,2,2,2
descriptive_only,incidence,training,injuryLocation_groin,Football,1,1,1
descriptive_only,incidence,training,injuryLocation_hand,Football,2,2,2
descriptive_only,incidence,training,injuryLocation_head,Football,2,2,2
descriptive_only,incidence,training,injuryLocation_head_neck_overall,Football,1,1,1
descriptive_only,incidence,training,injuryLocation_hip,Football,2,2,2
descriptive_only,incidence,training,injuryLocation_knee,Football,2,2,2
descriptive_only,incidence,training,injuryLocation_lower_leg,Football,2,2,2
descriptive_only,incidence,training,injuryLocation_lower_limb_overall,Football,1,1,1
descriptive_only,incidence,training,injuryLocation_lumbosacral,Football,2,2,2
descriptive_only,incidence,training,injuryLocation_neck,Football,1,1,1
descriptive_only,incidence,training,injuryLocation_shoulder,Football,2,2,2
descriptive_only,incidence,training,injuryLocation_thigh,Football,2,2,2
descriptive_only,incidence,training,injuryLocation_thoracic_spine,Football,1,1,1
descriptive_only,incidence,training,injuryLocation_trunk_overall,Football,1,1,1
descriptive_only,incidence,training,injuryLocation_upper_arm,Football,1,1,1
descriptive_only,incidence,training,injuryLocation_upper_limb_overall,Football,1,1,1
descriptive_only,incidence,training,injuryLocation_wrist,Football,1,1,1
descriptive_only,incidence,training,injuryTissueType_bone_fracture,Football,2,2,2
descriptive_only,incidence,training,injuryTissueType_bone_stress,Football,1,1,1
descriptive_only,incidence,training,injuryTissueType_cartilage_injury,Football,1,1,1
descriptive_only,incidence,training,injuryTissueType_concussion,Football,2,2,2
descriptive_only,incidence,training,injuryTissueType_laceration,Football,1,1,1
descriptive_only,incidence,training,injuryTissueType_ligament_joint_capsule,Football,2,2,2
descriptive_only,incidence,training,injuryTissueType_muscle_injury,Football,2,2,2
descriptive_only,incidence,training,injuryTissueType_nervous,Football,1,1,1
descriptive_only,incidence,training,injuryTissueType_non_specific_tissue,Football,1,1,1
descriptive_only,incidence,training,injuryTissueType_superficial_contusion,Football,2,2,2
descriptive_only,incidence,training,injuryTissueType_tendon_injury,Football,2,2,2
descriptive_only,incidence,training,knee,Football,1,1,1
descriptive_only,incidence,training,muscle,Football,1,1,1
descriptive_only,incidence,training,non_contact,Football,2,2,2
descriptive_only,incidence,training,restricted_complete_ACL_rupture_confirmed_by_MRI,Football,1,1,1
descriptive_only,incidence,training,restricted_hamstring_strain_and_groin_injuries,Football,2,1,2
descriptive_only,incidence,training,restricted_non_contact_injuries_during_congested_windows,Football,1,1,1
duplicate_representation,burden,overall,all_injuries,Football,10,2,10
duplicate_representation,burden,overall,restricted_complete_ACL_rupture_confirmed_by_MRI,Football,2,1,1
duplicate_representation,burden,overall,restricted_groin_injury,Football,1,1,1
duplicate_representation,burden,overall,restricted_lower_limb,Football,2,1,2
duplicate_representation,burden,overall,restricted_medically_diagnosed_concussion,Football,4,1,4
duplicate_representation,burden,overall,restricted_muscle,Football,4,1,4
duplicate_representation,burden,overall,restricted_physis_injury,Football,4,1,4
duplicate_representation,incidence,match,all_injuries,Football,8,6,8
duplicate_representation,incidence,match,restricted_MRI_confirmed_hamstring_injury_4day_absence,Football,1,1,1
duplicate_representation,incidence,match,restricted_posterior_thigh_hamstring_strain_injury,Football,1,1,1
duplicate_representation,incidence,overall,all_injuries,Football,15,8,15
duplicate_representation,incidence,overall,injuryLocation_ankle,Football,3,3,3
duplicate_representation,incidence,overall,injuryLocation_foot,Football,3,3,3
duplicate_representation,incidence,overall,injuryLocation_groin,Football,1,1,1
duplicate_representation,incidence,overall,injuryLocation_head,Football,1,1,1
duplicate_representation,incidence,overall,injuryLocation_head_neck_overall,Football,1,1,1
duplicate_representation,incidence,overall,injuryLocation_knee,Football,3,3,3
duplicate_representation,incidence,overall,injuryLocation_lower_leg,Football,2,2,2
duplicate_representation,incidence,overall,injuryLocation_lower_limb_overall,Football,1,1,1
duplicate_representation,incidence,overall,injuryLocation_neck,Football,1,1,1
duplicate_representation,incidence,overall,injuryLocation_thigh,Football,3,3,3
duplicate_representation,incidence,overall,injuryLocation_trunk_overall,Football,2,2,2
duplicate_representation,incidence,overall,injuryLocation_upper_limb_overall,Football,1,1,1
duplicate_representation,incidence,overall,injuryTissueType_abrasion,Football,1,1,1
duplicate_representation,incidence,overall,injuryTissueType_bone_fracture,Football,4,2,4
duplicate_representation,incidence,overall,injuryTissueType_concussion,Football,1,1,1
duplicate_representation,incidence,overall,injuryTissueType_joint_sprain,Football,2,2,2
duplicate_representation,incidence,overall,injuryTissueType_laceration,Football,1,1,1
duplicate_representation,incidence,overall,injuryTissueType_muscle_injury,Football,1,1,1
duplicate_representation,incidence,overall,injuryTissueType_muscle_tendon,Football,1,1,1
duplicate_representation,incidence,overall,injuryTissueType_non_specific_tissue,Football,1,1,1
duplicate_representation,incidence,overall,injuryTissueType_superficial_contusion,Football,1,1,1
duplicate_representation,incidence,overall,injuryTissueType_tendinopathy,Football,1,1,1
duplicate_representation,incidence,overall,restricted_MRI_confirmed_hamstring_injury_4day_absence,Football,8,1,7
duplicate_representation,incidence,overall,restricted_acute_muscle_strain,Football,2,1,1
duplicate_representation,incidence,overall,restricted_acute_traumatic_match_injuries,Football,1,1,1
duplicate_representation,incidence,overall,restricted_complete_ACL_rupture_confirmed_by_MRI,Football,2,1,1
duplicate_representation,incidence,overall,restricted_groin_injury,Football,2,1,1
duplicate_representation,incidence,overall,restricted_hamstring_injury,Football,2,1,2
duplicate_representation,incidence,overall,restricted_hamstring_muscle_injury,Football,1,1,1
duplicate_representation,incidence,overall,restricted_head_and_neck_injury,Football,1,1,1
duplicate_representation,incidence,overall,restricted_lower_limb,Football,3,2,3
duplicate_representation,incidence,overall,restricted_medically_diagnosed_concussion,Football,4,1,4
duplicate_representation,incidence,overall,restricted_muscle,Football,4,1,4
duplicate_representation,incidence,overall,restricted_non_contact_hamstring_injury_during_official_match,Football,1,1,1
duplicate_representation,incidence,overall,restricted_non_contact_lower_limb_muscle_injury,Football,12,1,12
duplicate_representation,incidence,overall,restricted_physis_injury,Football,4,1,4
duplicate_representation,incidence,overall,restricted_posterior_thigh_hamstring_strain_injury,Football,13,1,4
duplicate_representation,incidence,overall,restricted_shoulder_injury,Football,1,1,1
duplicate_representation,incidence,overall,restricted_upper_limb_injuries_among_goalkeepers,Football,2,1,2
duplicate_representation,incidence,training,all_injuries,Football,4,4,4
duplicate_representation,incidence,training,restricted_MRI_confirmed_hamstring_injury_4day_absence,Football,1,1,1
duplicate_representation,incidence,training,restricted_posterior_thigh_hamstring_strain_injury,Football,1,1,1
hold_for_specific_evidence_gap,burden,match,all_injuries_scope_review,Futsal,1,1,1
hold_for_specific_evidence_gap,burden,match,injuryLocation_ankle,Futsal,1,1,1
hold_for_specific_evidence_gap,burden,match,injuryLocation_foot,Futsal,1,1,1
hold_for_specific_evidence_gap,burden,match,injuryLocation_groin,Futsal,1,1,1
hold_for_specific_evidence_gap,burden,match,injuryLocation_knee,Futsal,1,1,1
hold_for_specific_evidence_gap,burden,match,injuryLocation_lower_leg,Futsal,1,1,1
hold_for_specific_evidence_gap,burden,match,injuryLocation_lumbosacral,Futsal,1,1,1
hold_for_specific_evidence_gap,burden,match,injuryLocation_neck,Futsal,1,1,1
hold_for_specific_evidence_gap,burden,match,injuryLocation_shoulder,Futsal,1,1,1
hold_for_specific_evidence_gap,burden,match,injuryLocation_thigh,Futsal,1,1,1
hold_for_specific_evidence_gap,burden,match,injuryTissueType_joint_sprain,Futsal,1,1,1
hold_for_specific_evidence_gap,burden,match,injuryTissueType_ligament_joint_capsule,Futsal,1,1,1
hold_for_specific_evidence_gap,burden,match,injuryTissueType_muscle_injury,Futsal,1,1,1
hold_for_specific_evidence_gap,burden,match,injuryTissueType_muscle_tendon,Futsal,1,1,1
hold_for_specific_evidence_gap,burden,match,injuryTissueType_vessels,Futsal,1,1,1
hold_for_specific_evidence_gap,burden,overall,all_injuries,Football,5,1,5
hold_for_specific_evidence_gap,burden,overall,all_injuries_scope_review,Beach football,1,1,1
hold_for_specific_evidence_gap,burden,overall,all_injuries_scope_review,Football,18,12,18
hold_for_specific_evidence_gap,burden,overall,all_injuries_scope_review,Futsal,2,2,2
hold_for_specific_evidence_gap,burden,overall,groin_scope_review,Football,6,1,6
hold_for_specific_evidence_gap,burden,overall,injuryLocation_abdomen,Football,1,1,1
hold_for_specific_evidence_gap,burden,overall,injuryLocation_ankle,Football,4,4,4
hold_for_specific_evidence_gap,burden,overall,injuryLocation_chest,Football,2,2,2
hold_for_specific_evidence_gap,burden,overall,injuryLocation_elbow,Football,2,2,2
hold_for_specific_evidence_gap,burden,overall,injuryLocation_foot,Football,4,4,4
hold_for_specific_evidence_gap,burden,overall,injuryLocation_forearm,Football,1,1,1
hold_for_specific_evidence_gap,burden,overall,injuryLocation_groin,Football,5,4,5
hold_for_specific_evidence_gap,burden,overall,injuryLocation_hand,Football,1,1,1
hold_for_specific_evidence_gap,burden,overall,injuryLocation_head,Football,3,3,3
hold_for_specific_evidence_gap,burden,overall,injuryLocation_head_neck_overall,Football,1,1,1
hold_for_specific_evidence_gap,burden,overall,injuryLocation_hip,Football,5,4,5
hold_for_specific_evidence_gap,burden,overall,injuryLocation_knee,Football,4,4,4
hold_for_specific_evidence_gap,burden,overall,injuryLocation_lower_leg,Football,6,5,6
hold_for_specific_evidence_gap,burden,overall,injuryLocation_lower_limb_overall,Football,2,2,2
hold_for_specific_evidence_gap,burden,overall,injuryLocation_lumbosacral,Football,2,2,2
hold_for_specific_evidence_gap,burden,overall,injuryLocation_neck,Football,2,2,2
hold_for_specific_evidence_gap,burden,overall,injuryLocation_shoulder,Football,2,2,2
hold_for_specific_evidence_gap,burden,overall,injuryLocation_thigh,Football,6,5,6
hold_for_specific_evidence_gap,burden,overall,injuryLocation_thoracic_spine,Football,1,1,1
hold_for_specific_evidence_gap,burden,overall,injuryLocation_trunk_overall,Football,2,2,2
hold_for_specific_evidence_gap,burden,overall,injuryLocation_unspecified,Football,1,1,1
hold_for_specific_evidence_gap,burden,overall,injuryLocation_upper_limb_overall,Football,2,2,2
hold_for_specific_evidence_gap,burden,overall,injuryLocation_wrist,Football,2,2,2
hold_for_specific_evidence_gap,burden,overall,injuryTissueType_bone,Football,3,3,3
hold_for_specific_evidence_gap,burden,overall,injuryTissueType_bone_contusion,Football,1,1,1
hold_for_specific_evidence_gap,burden,overall,injuryTissueType_bone_fracture,Beach football,1,1,1
hold_for_specific_evidence_gap,burden,overall,injuryTissueType_bone_fracture,Football,2,2,2
hold_for_specific_evidence_gap,burden,overall,injuryTissueType_bone_stress,Football,2,2,2
hold_for_specific_evidence_gap,burden,overall,injuryTissueType_brain_spinal,Football,1,1,1
hold_for_specific_evidence_gap,burden,overall,injuryTissueType_cartilage_injury,Beach football,1,1,1
hold_for_specific_evidence_gap,burden,overall,injuryTissueType_cartilage_injury,Football,2,2,2
hold_for_specific_evidence_gap,burden,overall,injuryTissueType_cartilage_synovium_bursa,Football,2,2,2
hold_for_specific_evidence_gap,burden,overall,injuryTissueType_concussion,Football,2,2,2
hold_for_specific_evidence_gap,burden,overall,injuryTissueType_injury_diagnosis,Beach football,1,1,1
hold_for_specific_evidence_gap,burden,overall,injuryTissueType_joint_sprain,Football,2,2,2
hold_for_specific_evidence_gap,burden,overall,injuryTissueType_laceration,Football,1,1,1
hold_for_specific_evidence_gap,burden,overall,injuryTissueType_ligament_joint_capsule,Football,3,3,3
hold_for_specific_evidence_gap,burden,overall,injuryTissueType_muscle_contusion,Football,2,2,2
hold_for_specific_evidence_gap,burden,overall,injuryTissueType_muscle_injury,Beach football,1,1,1
hold_for_specific_evidence_gap,burden,overall,injuryTissueType_muscle_injury,Football,3,3,3
hold_for_specific_evidence_gap,burden,overall,injuryTissueType_muscle_tendon,Football,2,2,2
hold_for_specific_evidence_gap,burden,overall,injuryTissueType_nervous,Football,1,1,1
hold_for_specific_evidence_gap,burden,overall,injuryTissueType_superficial_contusion,Beach football,1,1,1
hold_for_specific_evidence_gap,burden,overall,injuryTissueType_superficial_contusion,Football,1,1,1
hold_for_specific_evidence_gap,burden,overall,injuryTissueType_superficial_tissues_skin,Football,1,1,1
hold_for_specific_evidence_gap,burden,overall,injuryTissueType_synovitis_capsulitis,Football,1,1,1
hold_for_specific_evidence_gap,burden,overall,injuryTissueType_tendinopathy,Football,2,2,2
hold_for_specific_evidence_gap,burden,overall,injuryTissueType_tendon_injury,Football,1,1,1
hold_for_specific_evidence_gap,burden,overall,injuryTissueType_vessels,Football,1,1,1
hold_for_specific_evidence_gap,burden,overall,muscle_scope_review,Football,1,1,1
hold_for_specific_evidence_gap,burden,overall,restricted_diagnosed_sports_related_concussion,Football,4,1,1
hold_for_specific_evidence_gap,burden,overall,restricted_match_related_head_injury,Football,3,1,1
hold_for_specific_evidence_gap,burden,overall,restricted_muscle,Football,4,1,4
hold_for_specific_evidence_gap,burden,overall,restricted_suspected_sports_related_concussion,Football,4,1,1
hold_for_specific_evidence_gap,burden,training,all_injuries_scope_review,Futsal,1,1,1
hold_for_specific_evidence_gap,burden,training,injuryLocation_ankle,Futsal,1,1,1
hold_for_specific_evidence_gap,burden,training,injuryLocation_elbow,Futsal,1,1,1
hold_for_specific_evidence_gap,burden,training,injuryLocation_foot,Futsal,1,1,1
hold_for_specific_evidence_gap,burden,training,injuryLocation_forearm,Futsal,1,1,1
hold_for_specific_evidence_gap,burden,training,injuryLocation_groin,Futsal,1,1,1
hold_for_specific_evidence_gap,burden,training,injuryLocation_hand,Futsal,1,1,1
hold_for_specific_evidence_gap,burden,training,injuryLocation_head,Futsal,1,1,1
hold_for_specific_evidence_gap,burden,training,injuryLocation_knee,Futsal,1,1,1
hold_for_specific_evidence_gap,burden,training,injuryLocation_lower_leg,Futsal,1,1,1
hold_for_specific_evidence_gap,burden,training,injuryLocation_lumbosacral,Futsal,1,1,1
hold_for_specific_evidence_gap,burden,training,injuryLocation_thigh,Futsal,1,1,1
hold_for_specific_evidence_gap,burden,training,injuryTissueType_abrasion,Futsal,1,1,1
hold_for_specific_evidence_gap,burden,training,injuryTissueType_bone_fracture,Futsal,1,1,1
hold_for_specific_evidence_gap,burden,training,injuryTissueType_cartilage_synovium_bursa,Futsal,1,1,1
hold_for_specific_evidence_gap,burden,training,injuryTissueType_joint_sprain,Futsal,1,1,1
hold_for_specific_evidence_gap,burden,training,injuryTissueType_ligament_joint_capsule,Futsal,1,1,1
hold_for_specific_evidence_gap,burden,training,injuryTissueType_muscle_contusion,Futsal,1,1,1
hold_for_specific_evidence_gap,burden,training,injuryTissueType_muscle_injury,Futsal,1,1,1
hold_for_specific_evidence_gap,burden,training,injuryTissueType_muscle_tendon,Futsal,1,1,1
hold_for_specific_evidence_gap,burden,training,injuryTissueType_tendinopathy,Futsal,1,1,1
hold_for_specific_evidence_gap,burden,training,injuryTissueType_vessels,Futsal,1,1,1
hold_for_specific_evidence_gap,incidence,match,ACL,Football,14,1,14
hold_for_specific_evidence_gap,incidence,match,all_injuries,Football,23,5,23
hold_for_specific_evidence_gap,incidence,match,all_injuries,Futsal,3,1,3
hold_for_specific_evidence_gap,incidence,match,all_injuries_scope_review,Beach football,2,2,2
hold_for_specific_evidence_gap,incidence,match,all_injuries_scope_review,Football,59,35,59
hold_for_specific_evidence_gap,incidence,match,all_injuries_scope_review,Futsal,3,2,3
hold_for_specific_evidence_gap,incidence,match,ankle_scope_review,Football,1,1,1
hold_for_specific_evidence_gap,incidence,match,concussion_scope_review,Football,1,1,1
hold_for_specific_evidence_gap,incidence,match,groin_scope_review,Football,3,1,3
hold_for_specific_evidence_gap,incidence,match,hamstring_scope_review,Football,2,2,2
hold_for_specific_evidence_gap,incidence,match,head_neck_scope_review,Football,1,1,1
hold_for_specific_evidence_gap,incidence,match,muscle_scope_review,Football,2,1,2
hold_for_specific_evidence_gap,incidence,match,restricted_ankle,Football,1,1,1
hold_for_specific_evidence_gap,incidence,match,restricted_hamstring_muscle_injury,Football,3,1,3
hold_for_specific_evidence_gap,incidence,match,restricted_muscle,Football,1,1,1
hold_for_specific_evidence_gap,incidence,overall,Morbus_Sever,Football,1,1,1
hold_for_specific_evidence_gap,incidence,overall,all_injuries,Football,24,5,24
hold_for_specific_evidence_gap,incidence,overall,all_injuries,Futsal,1,1,1
hold_for_specific_evidence_gap,incidence,overall,all_injuries_scope_review,,3,1,3
hold_for_specific_evidence_gap,incidence,overall,all_injuries_scope_review,Beach football,3,3,3
hold_for_specific_evidence_gap,incidence,overall,all_injuries_scope_review,Football,102,54,102
hold_for_specific_evidence_gap,incidence,overall,all_injuries_scope_review,Futsal,8,5,8
hold_for_specific_evidence_gap,incidence,overall,concussion_scope_review,Football,1,1,1
hold_for_specific_evidence_gap,incidence,overall,groin_scope_review,Football,7,3,7
hold_for_specific_evidence_gap,incidence,overall,hamstring_scope_review,Football,3,1,3
hold_for_specific_evidence_gap,incidence,overall,head_neck_scope_review,Football,1,1,1
hold_for_specific_evidence_gap,incidence,overall,injuryLocation_ankle,Football,22,3,22
hold_for_specific_evidence_gap,incidence,overall,injuryLocation_ankle,Futsal,3,1,3
hold_for_specific_evidence_gap,incidence,overall,injuryLocation_foot,Football,6,2,6
hold_for_specific_evidence_gap,incidence,overall,injuryLocation_groin,Football,17,3,17
hold_for_specific_evidence_gap,incidence,overall,injuryLocation_groin,Futsal,3,1,3
hold_for_specific_evidence_gap,incidence,overall,injuryLocation_hand,Futsal,3,1,3
hold_for_specific_evidence_gap,incidence,overall,injuryLocation_head,Football,5,1,5
hold_for_specific_evidence_gap,incidence,overall,injuryLocation_head_neck_overall,Football,3,1,3
hold_for_specific_evidence_gap,incidence,overall,injuryLocation_knee,Football,22,3,22
hold_for_specific_evidence_gap,incidence,overall,injuryLocation_knee,Futsal,3,1,3
hold_for_specific_evidence_gap,incidence,overall,injuryLocation_lower_leg,Football,6,2,6
hold_for_specific_evidence_gap,incidence,overall,injuryLocation_lower_leg,Futsal,3,1,3
hold_for_specific_evidence_gap,incidence,overall,injuryLocation_lower_limb_overall,Football,3,1,3
hold_for_specific_evidence_gap,incidence,overall,injuryLocation_lower_limb_overall,Futsal,3,1,3
hold_for_specific_evidence_gap,incidence,overall,injuryLocation_lumbosacral,Futsal,3,1,3
hold_for_specific_evidence_gap,incidence,overall,injuryLocation_shoulder,Futsal,3,1,3
hold_for_specific_evidence_gap,incidence,overall,injuryLocation_thigh,Football,6,2,6
hold_for_specific_evidence_gap,incidence,overall,injuryLocation_thigh,Futsal,3,1,3
hold_for_specific_evidence_gap,incidence,overall,injuryLocation_trunk_overall,Football,3,1,3
hold_for_specific_evidence_gap,incidence,overall,injuryLocation_trunk_overall,Futsal,3,1,3
hold_for_specific_evidence_gap,incidence,overall,injuryLocation_unspecified,Football,3,1,3
hold_for_specific_evidence_gap,incidence,overall,injuryLocation_upper_limb_overall,Football,8,2,8
hold_for_specific_evidence_gap,incidence,overall,injuryLocation_upper_limb_overall,Futsal,3,1,3
hold_for_specific_evidence_gap,incidence,overall,injuryTissueType_bone,Football,17,2,17
hold_for_specific_evidence_gap,incidence,overall,injuryTissueType_bone,Futsal,3,1,3
hold_for_specific_evidence_gap,incidence,overall,injuryTissueType_bone_fracture,Football,8,2,8
hold_for_specific_evidence_gap,incidence,overall,injuryTissueType_bone_fracture,Futsal,3,1,3
hold_for_specific_evidence_gap,incidence,overall,injuryTissueType_concussion,Football,6,1,6
hold_for_specific_evidence_gap,incidence,overall,injuryTissueType_injury_diagnosis,Football,5,1,5
hold_for_specific_evidence_gap,incidence,overall,injuryTissueType_joint_sprain,Football,8,2,8
hold_for_specific_evidence_gap,incidence,overall,injuryTissueType_joint_sprain,Futsal,3,1,3
hold_for_specific_evidence_gap,incidence,overall,injuryTissueType_ligament_joint_capsule,Football,3,1,3
hold_for_specific_evidence_gap,incidence,overall,injuryTissueType_ligament_joint_capsule,Futsal,3,1,3
hold_for_specific_evidence_gap,incidence,overall,injuryTissueType_muscle_injury,Football,15,4,15
hold_for_specific_evidence_gap,incidence,overall,injuryTissueType_muscle_injury,Futsal,3,1,3
hold_for_specific_evidence_gap,incidence,overall,injuryTissueType_muscle_tendon,Football,3,1,3
hold_for_specific_evidence_gap,incidence,overall,injuryTissueType_muscle_tendon,Futsal,3,1,3
hold_for_specific_evidence_gap,incidence,overall,injuryTissueType_non_specific_tissue,Football,3,1,3
hold_for_specific_evidence_gap,incidence,overall,injuryTissueType_superficial_contusion,Football,8,2,8
hold_for_specific_evidence_gap,incidence,overall,injuryTissueType_superficial_tissues_skin,Football,3,1,3
hold_for_specific_evidence_gap,incidence,overall,injuryTissueType_tendinopathy,Football,11,1,11
hold_for_specific_evidence_gap,incidence,overall,injuryTissueType_tendinopathy,Futsal,3,1,3
hold_for_specific_evidence_gap,incidence,overall,injuryTissueType_tendon_injury,Football,5,1,5
hold_for_specific_evidence_gap,incidence,overall,lower_limb_scope_review,Football,1,1,1
hold_for_specific_evidence_gap,incidence,overall,restricted_MRI_confirmed_hamstring_injury_4day_absence,Football,14,1,7
hold_for_specific_evidence_gap,incidence,overall,restricted_ankle,Football,14,2,2
hold_for_specific_evidence_gap,incidence,overall,restricted_hamstring_injury,Football,2,1,2
hold_for_specific_evidence_gap,incidence,overall,restricted_hamstring_muscle_injury,Football,6,1,2
hold_for_specific_evidence_gap,incidence,overall,restricted_muscle,Football,5,2,5
hold_for_specific_evidence_gap,incidence,overall,restricted_non_contact_hamstring_injury,Football,2,1,1
hold_for_specific_evidence_gap,incidence,overall,restricted_non_contact_lower_limb_injury,Football,1,1,1
hold_for_specific_evidence_gap,incidence,training,all_injuries,Football,23,5,23
hold_for_specific_evidence_gap,incidence,training,all_injuries,Futsal,3,1,3
hold_for_specific_evidence_gap,incidence,training,all_injuries_scope_review,Beach football,2,2,2
hold_for_specific_evidence_gap,incidence,training,all_injuries_scope_review,Football,42,26,42
hold_for_specific_evidence_gap,incidence,training,all_injuries_scope_review,Futsal,1,1,1
hold_for_specific_evidence_gap,incidence,training,hamstring_scope_review,Football,2,2,2
hold_for_specific_evidence_gap,incidence,training,restricted_ankle,Football,1,1,1
hold_for_specific_evidence_gap,incidence,training,restricted_hamstring_muscle_injury,Football,3,1,3
main,incidence,match,all_injuries,Football,11,6,11
main,incidence,match,ankle,Football,1,1,1
main,incidence,match,restricted_MRI_confirmed_hamstring_injury_4day_absence,Football,6,1,6
main,incidence,match,restricted_acute_traumatic_match_injuries,Football,1,1,1
main,incidence,overall,all_injuries,Football,8,5,8
main,incidence,overall,muscle,Football,1,1,1
main,incidence,overall,restricted_MRI_confirmed_hamstring_injury_4day_absence,Football,6,1,6
main,incidence,training,all_injuries,Football,7,4,7
main,incidence,training,restricted_MRI_confirmed_hamstring_injury_4day_absence,Football,6,1,6
sensitivity,burden,match,all_injuries,Football,1,1,1
sensitivity,burden,overall,all_injuries,Football,22,10,22
sensitivity,burden,overall,restricted_complete_ACL_rupture_confirmed_by_MRI,Football,1,1,1
sensitivity,burden,overall,restricted_medically_diagnosed_concussion,Football,4,1,4
sensitivity,burden,overall,restricted_muscle,Football,4,1,4
sensitivity,burden,overall,restricted_non_contact_injuries,Football,2,1,2
sensitivity,burden,overall,restricted_physis_injury,Football,8,1,4
sensitivity,burden,training,all_injuries,Football,1,1,1
sensitivity,incidence,match,ACL,Football,2,1,2
sensitivity,incidence,match,all_injuries,Football,134,74,134
sensitivity,incidence,match,all_injuries,Futsal,2,2,2
sensitivity,incidence,match,all_injuries,Para football,2,1,2
sensitivity,incidence,match,ankle,Football,2,1,2
sensitivity,incidence,match,concussion,Football,1,1,1
sensitivity,incidence,match,groin,Football,1,1,1
sensitivity,incidence,match,hamstring,Football,2,2,2
sensitivity,incidence,match,knee,Football,1,1,1
sensitivity,incidence,match,lower_limb,Football,5,2,5
sensitivity,incidence,match,muscle,Football,1,1,1
sensitivity,incidence,match,overuse,Football,1,1,1
sensitivity,incidence,match,restricted_acute_muscle_strain,Football,1,1,1
sensitivity,incidence,match,restricted_ankle,Football,1,1,1
sensitivity,incidence,match,restricted_groin_injury,Football,1,1,1
sensitivity,incidence,match,restricted_lower_limb,Football,1,1,1
sensitivity,incidence,match,restricted_match_injuries_excluding_chronic,Football,1,1,1
sensitivity,incidence,match,restricted_medically_diagnosed_concussion,Football,4,1,4
sensitivity,incidence,match,restricted_muscle,Football,4,2,4
sensitivity,incidence,match,restricted_non_contact_calf_muscle_strain,Football,1,1,1
sensitivity,incidence,match,restricted_non_contact_hamstring_injury_during_official_match,Football,1,1,1
sensitivity,incidence,match,restricted_non_contact_injuries_during_congested_windows,Football,1,1,1
sensitivity,incidence,match,restricted_posterior_thigh_hamstring_strain_injury,Football,3,1,3
sensitivity,incidence,overall,ACL,Football,5,2,5
sensitivity,incidence,overall,all_injuries,Football,212,117,212
sensitivity,incidence,overall,all_injuries,Futsal,8,4,8
sensitivity,incidence,overall,ankle,Football,6,2,6
sensitivity,incidence,overall,concussion,Football,1,1,1
sensitivity,incidence,overall,groin,Football,6,4,6
sensitivity,incidence,overall,hamstring,Football,8,6,8
sensitivity,incidence,overall,head_neck,Football,1,1,1
sensitivity,incidence,overall,injuryTissueType_ligament_joint_capsule,Football,1,1,1
sensitivity,incidence,overall,injuryTissueType_muscle_injury,Football,1,1,1
sensitivity,incidence,overall,knee,Football,7,5,7
sensitivity,incidence,overall,lower_limb,Football,6,3,6
sensitivity,incidence,overall,muscle,Football,2,2,2
sensitivity,incidence,overall,non_contact,Football,4,4,4
sensitivity,incidence,overall,restricted_acute_muscle_strain,Football,1,1,1
sensitivity,incidence,overall,restricted_complete_ACL_rupture_confirmed_by_MRI,Football,1,1,1
sensitivity,incidence,overall,restricted_groin_injury,Football,1,1,1
sensitivity,incidence,overall,restricted_hamstring_injury,Football,2,1,2
sensitivity,incidence,overall,restricted_hamstring_muscle_injury,Football,1,1,1
sensitivity,incidence,overall,restricted_hamstring_strain_and_groin_injuries,Football,2,1,2
sensitivity,incidence,overall,restricted_lower_limb,Football,1,1,1
sensitivity,incidence,overall,restricted_medically_diagnosed_concussion,Football,4,1,4
sensitivity,incidence,overall,restricted_muscle,Football,4,1,4
sensitivity,incidence,overall,restricted_non_contact_injuries,Football,2,1,2
sensitivity,incidence,overall,restricted_non_contact_injuries_during_congested_windows,Football,1,1,1
sensitivity,incidence,overall,restricted_physis_injury,Football,8,1,4
sensitivity,incidence,overall,restricted_posterior_thigh_hamstring_strain_injury,Football,3,1,3
sensitivity,incidence,overall,restricted_shoulder_injury,Football,1,1,1
sensitivity,incidence,overall,restricted_upper_limb_injuries_among_goalkeepers,Football,2,1,2
sensitivity,incidence,training,ACL,Football,2,1,2
sensitivity,incidence,training,all_injuries,Football,112,63,112
sensitivity,incidence,training,all_injuries,Futsal,2,2,2
sensitivity,incidence,training,all_injuries,Para football,2,1,2
sensitivity,incidence,training,ankle,Football,2,1,2
sensitivity,incidence,training,groin,Football,1,1,1
sensitivity,incidence,training,hamstring,Football,2,2,2
sensitivity,incidence,training,knee,Football,1,1,1
sensitivity,incidence,training,lower_limb,Football,5,2,5
sensitivity,incidence,training,restricted_acute_muscle_strain,Football,1,1,1
sensitivity,incidence,training,restricted_ankle,Football,1,1,1
sensitivity,incidence,training,restricted_groin_injury,Football,1,1,1
sensitivity,incidence,training,restricted_hamstring_injury,Football,2,1,2
sensitivity,incidence,training,restricted_lower_limb,Football,1,1,1
sensitivity,incidence,training,restricted_medically_diagnosed_concussion,Football,4,1,4
sensitivity,incidence,training,restricted_muscle,Football,5,2,5
sensitivity,incidence,training,restricted_non_contact_calf_muscle_strain,Football,1,1,1
sensitivity,incidence,training,restricted_posterior_thigh_hamstring_strain_injury,Football,3,1,3
